,person,party
0,Dr. Bernhard Lasotta,CDU
1,Gernot Gruber,SPD
2,Andreas Glück,FDP/DVP
3,Dr. Hans-Ulrich Rülke,FDP/DVP
4,Karl Rombach,CDU
5,Paul Locherer,CDU
6,Dr. Marianne Engeser,CDU
7,Dr. Friedrich Bullinger,FDP/DVP
8,Norbert Beck,CDU
9,Thomas Blenke,CDU
10,Martin Rivoir,SPD
11,Dr. Reinhard Löffler,CDU
12,Ulrich Müller,CDU
13,Bettina Meier-Augenstein,CDU
14,Tobias Wald,CDU
15,Jochen Haußmann,FDP/DVP
16,Niko Reith,FDP/DVP
17,Andreas Deuschle,CDU
18,Karl-Wilhelm Röhm,CDU
19,Dieter Hillebrand,CDU
20,Manfred Lucha,Bündnis 90/Die Grünen
21,Dr. Ulrich Goll,FDP/DVP
22,Dr. Patrick Rapp,CDU
23,Andrea Lindlohr,Bündnis 90/Die Grünen
24,Dr. Monika Stolz,CDU
25,Claus Paal,CDU
26,Johannes Stober,SPD
27,Dr. Wolfgang Reinhart,CDU
28,Friedlinde Gurr-Hirsch,CDU
29,Georg Wacker,CDU
30,Wilfried Klenk,CDU
31,Konrad Epple,CDU
32,Wolfgang Reuther,CDU
33,Thaddäus Kunzmann,CDU
34,Bernd Hitzler,CDU
35,Marcel Schwehr,CDU
36,Paul Nemeth,CDU
37,Peter Hauk,CDU
38,Alexander Throm,CDU
39,Sabine Kurtz,CDU
40,Karl Traub,CDU
41,Felix Schreiner,CDU
42,Karl Klein,CDU
43,Elke Brunnemer,CDU
44,Winfried Mack,CDU
45,Dr. Stefan Scheffold,CDU
46,Sabine Wölfle,SPD
47,Dr. Bernd Murschel,Bündnis 90/Die Grünen
48,Klaus Maier,SPD
49,Karl-Wolfgang Jägel,CDU
50,Willi Stächele,CDU
51,Rosa Grünstein,SPD
52,Werner Raab,CDU
53,Nikolaos Sakellariou,SPD
54,Rita Haller-Haid,SPD
55,Stefan Teufel,CDU
56,Rainer Hinderer,SPD
57,Ernst Kopp,SPD
58,Viktoria Schmid,CDU
59,Jutta Schiller,CDU
60,Gerhard Kleinböck,SPD
61,Ulrich Lusche,CDU
62,Josef Frey,Bündnis 90/Die Grünen
63,Joachim Kößler,CDU
64,Hans-Peter Storz,SPD
65,Klaus Herrmann,CDU
66,Alexander Salomon,Bündnis 90/Die Grünen
67,Dr. Markus Rösler,Bündnis 90/Die Grünen
68,Manfred Hollenbach,CDU
69,Guido Wolf,CDU
70,Dr. Timm Kern,FDP/DVP
71,Katrin Schütz,CDU
72,Dr. Stefan Fulst-Blei,SPD
73,Helmut Walter Rüeck,CDU
74,Volker Schebesta,CDU
75,Nicole Razavi,CDU
76,Siegfried Lehmann,Bündnis 90/Die Grünen
77,Hidir Gürakar,SPD
78,Thomas Reusch-Frey,SPD
79,Claus Schmiedel,SPD
80,Dr. Kai Schmidt-Eisenlohr,Bündnis 90/Die Grünen
81,Klaus Burger,CDU
82,Karl Zimmermann,CDU
83,Peter Hofelich,SPD
84,Wolfgang Raufelder,Bündnis 90/Die Grünen
85,Thomas Marwein,Bündnis 90/Die Grünen
86,Daniel Renkonen,Bündnis 90/Die Grünen
87,Alexander Schoch,Bündnis 90/Die Grünen
88,Bärbl Mielich,Bündnis 90/Die Grünen
89,AlexanderSchoch,Bündnis 90/Die Grünen
90,Beate Böhlen,Bündnis 90/Die Grünen
91,Arnulf Freiherr von Eyb,CDU
92,Matthias Pröfrock,CDU
93,Dr. Bullinger,FDP/DVP
94,Heribert Rech,CDU
95,Helmut Rau,CDU
96,Gerhard Stratthaus,CDU
97,Jürgen Filius,Bündnis 90/Die Grünen
98,Hans-Ulrich Rülke,FDP/DVP
99,Leopold Grimm,FDP/DVP
100,Petra Häffner,Bündnis 90/Die Grünen
101,Gabi Rolland,SPD
102,Hans-Ulrich Sckerl,Bündnis 90/Die Grünen
103,Walter Heiler,SPD
104,Reinhold Pix,Bündnis 90/Die Grünen
105,Edith Sitzmann,Bündnis 90/Die Grünen
106,Rudolf Köberle,CDU
107,Peter Schneider,CDU
108,Manfred Groh,CDU
109,Hans-Peter Stortz,SPD
110,Günther-Martin Pauli,CDU
111,Wolfgang Drexler,SPD
112,Sandra Boser,Bündnis 90/Die Grünen
113,Nikolaus Tschenk,Bündnis 90/Die Grünen
114,Marianne Engeser,CDU
115,Dr. Dietrich Birk,CDU
116,Helen Heberer,SPD
117,Klaus Martin Burger,CDU
118,Georg Nelius,SPD
119,Alfred Winkler,SPD
120,Monika Stolz,CDU
121,Florian Wahl,SPD
122,Klaus Käppeler,SPD
123,Hans-Martin Haller,SPD
124,Christoph Bayer,SPD
125,Klaus Hermann,CDU
126,Andreas Schwarz,Bündnis 90/Die Grünen
127,Brigitte Lösch,Bündnis 90/Die Grünen
128,Thomas Poreski,Bündnis 90/Die Grünen
129,Sascha Binder,SPD
130,Martin Hahn,Bündnis 90/Die Grünen
131,Thomas Funk,SPD
132,Tanja Gönner,CDU
133,Charlotte Schneidewind-Hartnagel,Bündnis 90/Die Grünen
134,Wilhelm Halder,Bündnis 90/Die Grünen
135,Werner Wölfle,Bündnis 90/Die Grünen
136,Muhterem Aras,Bündnis 90/Die Grünen
137,Jörg Fritz,Bündnis 90/Die Grünen
138,Daniel Lede Abal,Bündnis 90/Die Grünen
139,Nico Weinmann,FDP/DVP
140,Ulli Hockenberger,CDU
141,Christine Neumann-Martin,CDU
142,Joachim Kößler,CDU
143,Hans Peter Stauch,AfD
144,Dr. Timm Kern,FDP/DVP
145,Andreas Glück,FDP/DVP
146,Thomas Axel Palka,AfD
147,Thomas Palka,ABW
148,Dr. Erik Schweickert,FDP/DVP
149,Rainer Stickelberger,SPD
150,Tobias Wald,CDU
151,Fabian Gramling,CDU
152,Wilhelm Halder,Bündnis 90/Die Grünen
153,Lars Patrick Berg,AfD
154,Martin Rivoir,SPD
155,Stefan Räpple,AfD
156,Jürgen Keck,FDP/DVP
157,Sandra Boser,Bündnis 90/Die Grünen
158,Klaus Hoher,FDP/DVP
159,Peter Hofelich,SPD
160,Klaus Dürr,AfD
161,Nicole Razavi,CDU
162,Sylvia M. Felder,CDU
163,Sylvia Felder,CDU
164,Karl Rombach,CDU
165,Gerhard Kleinböck,SPD
166,Reinhold Gall,SPD
167,Georg Nelius,SPD
168,Reinhold Pix,Bündnis 90/Die Grünen
169,Dr. Stefan Fulst-Blei,SPD
170,Dr. Bernd Grimmer,AfD
171,Bernd Gögel,AfD
172,Jochen Haußmann,FDP/DVP
173,Ramazan Selcuk,SPD
174,Dr. Boris Weirauch,SPD
175,Daniel Born,SPD
176,Dr. Hans-Ulrich Rülke,FDP/DVP
177,Sascha Binder,SPD
178,Dr. Gerhard Aden,FDP/DVP
179,Dr. Wolfgang Gedeon,fraktionslos
180,Gabriele Reich-Gutjahr,FDP/DVP
181,Konrad Epple,CDU
182,Guido Wolf,CDU
183,Nese Erikli,Bündnis 90/Die Grünen
184,Dr. Friedrich Bullinger,FDP/DVP
185,Paul Nemeth,CDU
186,Bettina Lisbach,Bündnis 90/Die Grünen
187,Dr. Markus Rösler,Bündnis 90/Die Grünen
188,Dr. Rainer Balzer,ABW
189,Stefan Herre,ABW
190,Dr. Christina Baum,AfD
191,Sabine Wölfle,SPD
192,Thomas Dörflinger,CDU
193,Andreas Deuschle,CDU
194,Elke Zimmer,Bündnis 90/Die Grünen
195,Dr. Ulrich Goll,FDP/DVP
196,Anton Baron,AfD
197,Claus Paal,CDU
198,Winfried Mack,CDU
199,Dr. Albrecht Schütte,CDU
200,Manuel Hagel,CDU
201,Karl-Wilhelm Röhm,CDU
202,Gernot Gruber,SPD
203,Emil Sänze,AfD
204,Wolfgang Drexler,SPD
205,Josef Frey,Bündnis 90/Die Grünen
206,Martina Braun,Bündnis 90/Die Grünen
207,Carola Wolle,AfD
208,Sabine Kurtz,CDU
209,Jutta Niemann,Bündnis 90/Die Grünen
210,Alexander Salomon,Bündnis 90/Die Grünen
211,Raimund Haser,CDU
212,Daniel Renkonen,Bündnis 90/Die Grünen
213,Dr. Patrick Rapp,CDU
214,Udo Stein,AfD
215,Jürgen Filius,Bündnis 90/Die Grünen
216,Dr. Jörg Meuthen,ABW
217,Klaus Martin Burger,CDU
218,Klaus Burger,CDU
219,Daniel Rottmann,ABW
220,Manfred Kern,Bündnis 90/Die Grünen
221,Gabi Rolland,SPD
222,Dr. Heiner Merz,AfD
223,Dr. Wolfgang Reinhart,CDU
224,Stefan Teufel,CDU
225,Rüdiger Klos,AfD
226,Andrea Lindlohr,Bündnis 90/Die Grünen
227,Dorothea Wehinger,Bündnis 90/Die Grünen
228,Dr. Bernhard Lasotta,CDU
229,Siegfried Lorek,CDU
230,Susanne Bay,Bündnis 90/Die Grünen
231,Jürgen Walter,Bündnis 90/Die Grünen
232,Christine Neumann,CDU
233,Andreas Kenner,SPD
234,Rainer Hinderer,SPD
235,Dr. Rainer Podeswa,AfD
236,Dr. Nils Schmid,SPD
237,Ernst Kopp,SPD
238,Andreas Stoch,SPD
239,Gerhard Aden,FDP/DVP
240,Alexander Schoch,Bündnis 90/Die Grünen
241,Hermann Katzenstein,Bündnis 90/Die Grünen
242,Martin Grath,Bündnis 90/Die Grünen
243,Alexander Maier,Bündnis 90/Die Grünen
244,Georg Wacker,CDU
245,Dr. Bernd Murschel,Bündnis 90/Die Grünen
246,Hans-Ulrich Sckerl,Bündnis 90/Die Grünen
247,Arnulf Freiherr von Eyb,CDU
248,Barbara Saebel,Bündnis 90/Die Grünen
249,Daniel Lede Abal,Bündnis 90/Die Grünen
250,Abg. Dr. Christina Baum,AfD
251,Andrea Bogner-Unden,Bündnis 90/Die Grünen
252,Marion Gentges,CDU
253,Stefanie Seemann,Bündnis 90/Die Grünen
254,Petra Häffner,Bündnis 90/Die Grünen
255,Martin Hahn,Bündnis 90/Die Grünen
256,Beate Böhlen,Bündnis 90/Die Grünen
257,Felix Schreiner,CDU
258,Wilfried Klenk,CDU
259,Thekla Walker,Bündnis 90/Die Grünen
260,Thomas Blenke,CDU
261,Abg. Stefan Herre,AfD
262,Wolfgang Raufelder,Bündnis 90/Die Grünen
263,Claudia Martin,ABW
264,Dr. Erik Schweikert,FDP/DVP
265,Dr. Heinrich Kuhn,ABW
266,Andrea Schwarz,Bündnis 90/Die Grünen
267,Dr. Stefan Scheffold,CDU
268,Klaus-Günther Voigtmann,ABW
269,Christina Baum,AfD
270,Dr. Heinz Merz,AfD
271,Lars Patrick Berg fraktionslos,fraktionslos
272,Dr. Rainer Podeswa fraktionslos,fraktionslos
273,Anton Baron fraktionslos,fraktionslos
274,Carola Wolle fraktionslos,fraktionslos
275,Karl Klein,CDU
276,Florian von Brunn,SPD
277,Markus Ganserer,Bündnis 90/Die Grünen
278,Katharina Schulze,Bündnis 90/Die Grünen
279,Christine Kamm,Bündnis 90/Die Grünen
280,Verena Osgyan,Bündnis 90/Die Grünen
281,Jutta Widmann,Freie Wähler
282,Ruth Müller,SPD
283,Dr. Hans Jürgen Fahn,Freie Wähler
284,Kerstin Celina,Bündnis 90/Die Grünen
285,Thomas Mütze,Bündnis 90/Die Grünen
286,Günther Felbinger,Freie Wähler
287,Klaus Adelt,SPD
288,Rosi Steinberger,Bündnis 90/Die Grünen
289,Kathrin Sonnenholzner,SPD
290,Alexander König,CSU
291,Dr. Leopold Herz,Freie Wähler
292,Annette Karl,SPD
293,Martin Stümpfig,Bündnis 90/Die Grünen
294,Margit Wild,SPD
295,Günther Knoblauch,SPD
296,Dr. Paul Wengert,SPD
297,Florian Streibl,Freie Wähler
298,Prof. (Univ. Lima) Dr. Peter Bauer,Freie Wähler
299,Joachim Hanisch,Freie Wähler
300,Susann Biedefeld,SPD
301,Jürgen Mistol,Bündnis 90/Die Grünen
302,Dr. Christian Magerl,Bündnis 90/Die Grünen
303,Volkmar Halbleib,SPD
304,Günther Felbinger verwiesen.,fraktionslos
305,Eva Gottstein,Freie Wähler
306,Horst Arnold,SPD
307,Inge Aures,SPD
308,Dr. Simone Strohmayr,SPD
309,Isabell Zacharias,SPD
310,Ulrich Leiner,Bündnis 90/Die Grünen
311,Johann Häusler,Freie Wähler
312,Kathi Petersen,SPD
313,Martin Güll,SPD
314,Bernhard Pohl,Freie Wähler
315,Alexander Muthmann,Freie Wähler
316,Ulrike Gote,Bündnis 90/Die Grünen
317,Peter Meyer,Freie Wähler
318,Ludwig Hartmann,Bündnis 90/Die Grünen
319,Dr. Sepp Dürr,Bündnis 90/Die Grünen
320,Markus Rinderspacher,SPD
321,Thomas Gehring,Bündnis 90/Die Grünen
322,Hans-Ulrich Pfaffmann,SPD
323,Martina Fehlner,SPD
324,Gabi Schmidt,Freie Wähler
325,Georg Rosenthal,SPD
326,Franz Schindler,SPD
327,Dr. Herbert Kränzlein,SPD
328,Prof. Dr. Michael Piazolo,Freie Wähler
329,Prof. Dr. Peter Paul Gantzer,SPD
330,Gisela Sengl,Bündnis 90/Die Grünen
331,Dr. Martin Runge,Bündnis 90/Die Grünen
332,Doris Rauscher,SPD
333,Reinhold Strobl,SPD
334,Harald Güller,SPD
335,Hubert Aiwanger,Freie Wähler
336,Claudia Stamm,Bündnis 90/Die Grünen
337,Herbert Woerlein,SPD
338,Ruth Waldmann,SPD
339,Harry Scheuenstuhl,SPD
340,Thorsten Glauber,Freie Wähler
341,Oliver Jörg,CSU
342,Alexandra Hiersemann,SPD
343,Arif Taşdelen,SPD
344,Stefan Schuster,SPD
345,Joachim Unterländer,CSU
346,Benno Zierer,Freie Wähler
347,Dr. Christoph Rabenstein,SPD
348,Andreas Lotte,SPD
349,Bernhard Roos,SPD
350,Florian Ritter,SPD
351,Ilona Deckwerth,SPD
352,Angelika Weikert,SPD
353,Nikolaus Kraus,Freie Wähler
354,Sylvia Stierstorfer,CSU
355,Eberhard Rotter,CSU
356,Hans Ritt,CSU
357,Dr. Karl Vetter,Freie Wähler
358,Steffen Vogel,CSU
359,Karl Freller,CSU
360,Reinhold Bocklet,CSU
361,Johanna Werner-Muggendorfer,SPD
362,Helga Schmitt-Bussinger,SPD
363,Dr. Thomas Goppel,CSU
364,Peter Winter,CSU
365,Prof. Dr. Peter Bauer,Freie Wähler
366,Martin Bachhuber,CSU
367,Natascha Kohnen,SPD
368,Walter Nussel,CSU
369,Wolfgang Fackler,CSU
370,Dr. Otto Hünnerkopf,CSU
371,Josef Zellmeier,CSU
372,Diana Stachowitz,SPD
373,Klaus Steiner,CSU
374,Angelika Schorer,CSU
375,Manfred Ländner,CSU
376,Eric Beißwenger,CSU
377,Dr. Linus Förster,SPD
378,Katrin Kunert,Bündnis 90/Die Grünen
379,der Fraktion,Bündnis 90/Die Grünen
380,Agnes Alpers,Bündnis 90/Die Grünen
381,Jan Korte,Bündnis 90/Die Grünen
382,Markus Ganser,Bündnis 90/Die Grünen
383,Jürgen Baumgärtner,CSU
384,Katharina Schulde,Bündnis 90/Die Grünen
385,Heinrich Rudrof,CSU
386,Michael Brückner,CSU
387,Anton Kreitmair,CSU
388,Margarete Bause,Bündnis 90/Die Grünen
389,Kerstin Schreyer-Stäblein,CSU
390,Berthold Rüth,CSU
391,Martin Schöffel,CSU
392,Hermann Imhof,CSU
393,Dr. Franz Rieger,CSU
394,Dr. Michael Piazolo,Freie Wähler
395,Ulrike Müller,Freie Wähler
396,Ulrik Gote,Bündnis 90/Die Grünen
397,Tanja Schweiger,Freie Wähler
398,Florion von Brunn,SPD
399,Sepp Dürr,Bündnis 90/Die Grünen
400,Ulli Leiner,Bündnis 90/Die Grünen
401,Alessa Ulrike Berkenkamp,Bündnis 90/Die Grünen
402,Marianne Burkert-Eulitz,Bündnis 90/Die Grünen
403,Jutta Matuschek,Die Linke
404,Peter Trapp,CDU
405,Alexander J. Herrmann,CDU
406,Alexander Spies,Piraten
407,Katrin Möller,Die Linke
408,Harald Moritz,Bündnis 90/Die Grünen
409,Tim-Christopher Zeelen,CDU
410,Oliver Friederici,CDU
411,Stefan Evers,CDU
412,Katrin Lompscher,Die Linke
413,Stefanie Remlinger,Bündnis 90/Die Grünen
414,Anja Schillhaneck,Bündnis 90/Die Grünen
415,Dr. Turgut Altuğ,Bündnis 90/Die Grünen
416,Hakan Taş,Die Linke
417,Elke Breitenbach,Die Linke
418,Brigitte Lange,SPD
419,Stefan Schlede,CDU
420,Philipp Magalski,Piraten
421,Jasenka Villbrandt,Bündnis 90/Die Grünen
422,Steffen Zillich,Die Linke
423,Stefan Gelbhaar,Bündnis 90/Die Grünen
424,Marion Platta,Die Linke
425,Dr. Gabriele Hiller,Die Linke
426,Claudia Hämmerling,Bündnis 90/Die Grünen
427,Nicole Ludwig,Bündnis 90/Die Grünen
428,Frank Jahnke,SPD
429,Fabio Reinhardt,Piraten
430,Gerwald Claus-Brunner,Piraten
431,Katrin Schmidberger,Bündnis 90/Die Grünen
432,Claudio Jupe,CDU
433,Fréderic Verrycken,SPD
434,Dr. Ina Czyborra,SPD
435,Daniel Buchholz,SPD
436,Thomas Birk,Bündnis 90/Die Grünen
437,Andreas Otto,Bündnis 90/Die Grünen
438,Matthias Brauner,CDU
439,Uwe Doering,Die Linke
440,Heidi Kosche,Bündnis 90/Die Grünen
441,Dr. Klaus Lederer,Die Linke
442,Tom Schreiber,SPD
443,Sven Kohlmeier,SPD
444,Antje Kapek,Bündnis 90/Die Grünen
445,Alexander Morlang,Piraten
446,Dr. Clara West,SPD
447,Franziska Becker,SPD
448,Rainer-Michael Lehmann,SPD
449,Clara Herrmann,Bündnis 90/Die Grünen
450,Dr. Wolfgang Albers,Die Linke
451,Dirk Behrendt,Bündnis 90/Die Grünen
452,Ole Kreins,SPD
453,Michael Braun,CDU
454,Dirk Stettner,fraktionslos
455,Carola Bluhm,Die Linke
456,Stefan Ziller,Bündnis 90/Die Grünen
457,Sabine Bangert,Bündnis 90/Die Grünen
458,Sven Rissmann,CDU
459,Dr. Hans-Christian Hausmann,CDU
460,Björn Eggert,SPD
461,Simon Kowalewski,Piraten
462,Carsten Schatz,Die Linke
463,Christopher Lauer,Piraten
464,Dr. Susanna Kahlefeld,Bündnis 90/Die Grünen
465,Benedikt Lux,Bündnis 90/Die Grünen
466,Silke Gebel,Bündnis 90/Die Grünen
467,Andreas Baum,Piraten
468,Markus Klaer,CDU
469,Dr. Uwe Lehmann-Brauns,CDU
470,Wolfram Prieß,Piraten
471,Danny Freymark,CDU
472,Evrim Sommer,Die Linke
473,Harald Wolf,Die Linke
474,Liane Ollech,SPD
475,Anja Kofbinger,Bündnis 90/Die Grünen
476,Michael Schäfer,Bündnis 90/Die Grünen
477,Susanne Graf,Piraten
478,Ajibola Olalowo,Bündnis 90/Die Grünen
479,Katrin Vogel,CDU
480,Jürn Jakob Schultze-Berndt,CDU
481,Thomas Isenberg,SPD
482,Joachim Krüger,CDU
483,Joschka Langenbrinck,SPD
484,Wolfgang Brauer,Die Linke
485,Martin Delius,Piraten
486,Notker Schweikhardt,Bündnis 90/Die Grünen
487,Kurt Wansner,CDU
488,Michael Dietmann,CDU
489,Erol Özkaraca,SPD
490,Dr. Simon Weiß,Piraten
491,Oliver Höfinghoff,Piraten
492,Nikolaus Karsten,SPD
493,Regina Kittler,Die Linke
494,Stephan Lenz,CDU
495,Heiko Melzer,CDU
496,Dr. Michael Garmer,CDU
497,Dr. Gregor Költzsch,SPD
498,Burkard Dregger,CDU
499,Monika Thamm,CDU
500,Burgunde Grosse,SPD
501,Udo Wolf,Die Linke
502,Dr. Manuela Schmidt,Die Linke
503,Karin Halsch,SPD
504,Ellen Haußdörfer,SPD
505,Cornelia Seibeld,CDU
506,Heiko Herberg,Piraten
507,Dr. Robbin Juhnke,CDU
508,Dr. Gottfried Ludewig,CDU
509,Hildegard Bentele,CDU
510,Lars Oberg,SPD
511,Canan Bayram,Bündnis 90/Die Grünen
512,Alex Lubawinski,SPD
513,Ülker Radziwill,SPD
514,Heiko Thomas,Bündnis 90/Die Grünen
515,Roman Simon,CDU
516,Iris Spranger,SPD
517,Robert Schaddach,SPD
518,Ilkin Özisik,SPD
519,Dennis Buchner,SPD
520,Irene Köhne,SPD
521,Dr. Susanne Kitschun,SPD
522,Pavel Mayer,Piraten
523,Michael Freiberg,CDU
524,Dr. Michael Arndt,SPD
525,Oliver Schruoffeneger,Bündnis 90/Die Grünen
526,Kirsten Flesch,SPD
527,Birgit Monteiro,SPD
528,Bruni Wildenhein-Lauterbach,SPD
529,Dr. Niels Korte,CDU
530,Christian Goiny,CDU
531,Martin Beck,Bündnis 90/Die Grünen
532,Jakob Schultze-Berndt,CDU
533,Dr. Manuel Heide,CDU
534,Thorsten Karge,SPD
535,Renate Harant,SPD
536,Andreas Kugler,SPD
537,Özcan Mutlu,Bündnis 90/Die Grünen
538,Marion Seelig,Die Linke
539,Joachim Esser,Bündnis 90/Die Grünen
540,Martina Michels,Die Linke
541,Felicitas Kubala,Bündnis 90/Die Grünen
542,Simon Weiß,Piraten
543,Thomas Kleineidam,SPD
544,Karlheinz Nolte,SPD
545,Emine Demirbüken-Wegner,CDU
546,Dr. Dieter Neuendorf,AfD
547,Daniel Buchholz,SPD
548,Danny Freymark,CDU
549,Peter Trapp,CDU
550,Sebastian Czaja,FDP
551,Jeannette Auricht,AfD
552,Dr. Maren Jasper-Winter,FDP
553,Sven Rissmann,CDU
554,Sibylle Meister,FDP
555,Tobias Schulze,Die Linke
556,Thomas Seerig,FDP
557,Gabriele Gottwald,Die Linke
558,June Tomiak,Bündnis 90/Die Grünen
559,Dr. Wolfgang Albers,Die Linke
560,Katalin Gennburg,Die Linke
561,Frank-Christian Hansel,AfD
562,Harald Moritz,Bündnis 90/Die Grünen
563,Hakan Taş,Die Linke
564,Anne Helm,Die Linke
565,Niklas Schrader,Die Linke
566,Dr. Michael Efler,Die Linke
567,Tommy Tabor,AfD
568,Marc Vallendar,AfD
569,Katrin Seidel,Die Linke
570,Kristian Ronneburg,Die Linke
571,Andreas Statzkowski,CDU
572,Andreas Otto,Bündnis 90/Die Grünen
573,Andreas Kugler,SPD
574,Marcel Luthe,FDP
575,Marianne Burkert-Eulitz,Bündnis 90/Die Grünen
576,Sebastian Schlüsselburg,Die Linke
577,Tino Schopf,SPD
578,Philipp Bertram,Die Linke
579,Florian Kluckert,FDP
580,Frank Scholtysek,AfD
581,Dr. Kristin Brinker,AfD
582,Robert Schaddach,SPD
583,Joschka Langenbrinck,SPD
584,Stefan Franz Kerker,AfD
585,Emine Demirbüken-Wegner,CDU
586,Roman Simon,CDU
587,Mario Czaja,CDU
588,Stefanie Remlinger,Bündnis 90/Die Grünen
589,Burkard Dregger,CDU
590,Maik Penn,CDU
591,Dr. Stefan Taschner,Bündnis 90/Die Grünen
592,Paul Fresdorf,FDP
593,Ronald Gläser,AfD
594,Torsten Hofer,SPD
595,Anja Kofbinger,Bündnis 90/Die Grünen
596,Sebastian Walter,Bündnis 90/Die Grünen
597,Dr. Hugh Bronson,AfD
598,Stephan Lenz,CDU
599,Stephan Standfuß,CDU
600,Stefan Ziller,Bündnis 90/Die Grünen
601,Tim-Christopher Zeelen,CDU
602,Dr. Hans-Christian Hausmann,CDU
603,Adrian Grasse,CDU
604,Harald Gindra,Die Linke
605,Henner Schmidt,FDP
606,Cornelia Seibeld,CDU
607,Christian Gräff,CDU
608,Katina Schubert,Die Linke
609,Stefan Förster,FDP
610,Stephan Schmidt,CDU
611,Oliver Friederici,CDU
612,Hanno Bachmann,AfD
613,Dirk Stettner,CDU
614,Christian Buchholz,AfD
615,Frank Jahnke,SPD
616,Iris Spranger,SPD
617,Florian Swyter,FDP
618,Bettina König,SPD
619,Sven Kohlmeier,SPD
620,Bernd Schlömer,FDP
621,Gunnar Lindemann,AfD
622,Claudio Jupe,CDU
623,Dr. Susanna Kahlefeld,Bündnis 90/Die Grünen
624,Dr. Robbin Juhnke,CDU
625,Thorsten Weiß,AfD
626,Hendrikje Klein,Die Linke
627,Notker Schweikhardt,Bündnis 90/Die Grünen
628,Frank Scheermesser,AfD
629,Christian Goiny,CDU
630,Daniela Billig,Bündnis 90/Die Grünen
631,Bettina Domer,SPD
632,Regina Kittler,Die Linke
633,Catherina Pieroth-Manelli,Bündnis 90/Die Grünen
634,Dr. Turgut Altuğ,Bündnis 90/Die Grünen
635,Tom Schreiber,SPD
636,Georg Kössler,Bündnis 90/Die Grünen
637,Kay Nerstheimer,fraktionslos
638,Daniel Wesener,Bündnis 90/Die Grünen
639,Katrin Schmidberger,Bündnis 90/Die Grünen
640,Jürn Jakob Schultze-Berndt,CDU
641,Marion Platta,Die Linke
642,Stefanie Fuchs,Die Linke
643,Katrin Vogel,CDU
644,Kurt Wansner,CDU
645,Ülker Radziwill,SPD
646,Carsten Schatz,Die Linke
647,Bettina Jarasch,Bündnis 90/Die Grünen
648,Jessica Bießmann,AfD
649,Holger Krestel,FDP
650,Dr. Clara West,SPD
651,Stefan Evers,CDU
652,Fatime Topac,Bündnis 90/Die Grünen
653,Andreas Wild,AfD
654,Benedikt Lux,Bündnis 90/Die Grünen
655,Dennis Buchner,SPD
656,Herbert Mohr,AfD
657,Lars Düsterhöft,SPD
658,Martin Trefzer,AfD
659,Dr. Manuela Schmidt,Die Linke
660,Harald Laatsch,AfD
661,Steffen Zillich,Die Linke
662,Ines Schmidt,Die Linke
663,Frank Henkel,CDU
664,Bruni Wildenhein-Lauterbach,SPD
665,Dr. Susanne Kitschun,SPD
666,Dr. Nicola Böcker-Giannini,SPD
667,Dr. Ina Czyborra,SPD
668,Franziska Becker,SPD
669,Markus Klaer,CDU
670,Christian Hochgrebe,SPD
671,Harald Wolf,Die Linke
672,Carsten Ubbelohde,AfD
673,Jörg Stroedter,SPD
674,Florian Graf,CDU
675,Carsten Ubbelohnde,AfD
676,Dr. Hans-Joachim Berg,AfD
677,Karsten Woldeit,AfD
678,Dr. Maja Lasic,SPD
679,Michael Dietmann,CDU
680,Frank Zimmermann,SPD
681,Georg Pazderski,AfD
682,Marc Urbatsch,Bündnis 90/Die Grünen
683,Dr. Michail Nelken,Die Linke
684,Nicola Böcker-Giannini,SPD
685,Heiko Melzer,CDU
686,Nicole Ludwig,Bündnis 90/Die Grünen
687,Thomas Isenberg,SPD
688,Franziska Brychcy,Die Linke
689,Hildegard Bentele,CDU
690,Anja Schillhaneck,Bündnis 90/Die Grünen
691,Sabine Bangert,Bündnis 90/Die Grünen
692,Carola Bluhm,Die Linke
693,Silke Gebel,Bündnis 90/Die Grünen
694,Fréderic Verrycken,SPD
695,Karin Halsch,SPD
696,Udo Wolf,Die Linke
697,Dr. Ina Maria Czyborra,SPD
698,Dr. Gottfried Ludewig,CDU
699,Antje Kapek,Bündnis 90/Die Grünen
700,Stefan Gelbhaar,Bündnis 90/Die Grünen
701,Canan Bayram,Bündnis 90/Die Grünen
702,Dr. Gottfried Curio,AfD
703,Derya Caglar,SPD
704,Katrin Möller,Die Linke
705,Gaby Gottwald,Die Linke
706,Karin Korte,SPD
707,Katrin Lompscher,Die Linke
708,Elke Breitenbach,Die Linke
709,Dr. Jan Redmann,CDU
710,Andreas Gliese,CDU
711,Marie Luise von Halem,Bündnis 90/Die Grünen
712,Anke Schwarzenberg,Die Linke
713,Bettina Fortunato,Die Linke
714,Christoph Schulze,fraktionslos
715,Rainer Genilke,CDU
716,Benjamin Raschke,Bündnis 90/Die Grünen
717,Dieter Dombrowski,CDU
718,Danny Eichelbaum,CDU
719,Andrea Johlige,Die Linke
720,Dr. Andreas Bernig,Die Linke
721,Andreas Kalbitz,AfD
722,Michael Jungclaus,Bündnis 90/Die Grünen
723,Ursula Nonnemacher,Bündnis 90/Die Grünen
724,Thomas Jung,AfD
725,Iris Schülzke,fraktionslos
726,Axel Vogel,Bündnis 90/Die Grünen
727,Dr. Saskia Ludwig,CDU
728,Gordon Hoffmann,CDU
729,Günter Baaske,SPD
730,Ingo Senftleben,CDU
731,Prof. Dr. Michael Schierack,CDU
732,Roswitha Schier,CDU
733,Raik Nowka,CDU
734,Matthias Loehr,Die Linke
735,Steeven Bretz,CDU
736,Isabelle Vandré,Die Linke
737,Dierk Homeyer,CDU
738,Péter Vida,fraktionslos
739,Kristy Augustin,CDU
740,Carsten Preuß,Die Linke
741,Klara Geywitz,SPD
742,Ina Muhß,SPD
743,Heide Schinowsky,Bündnis 90/Die Grünen
744,Thomas Domres,Die Linke
745,Anita Tack,Die Linke
746,Björn Lakenmacher,CDU
747,Diana Bader,Die Linke
748,Udo Folgart,SPD
749,Birgit Bessin,AfD
750,Marco Büchel,Die Linke
751,Dr. Hans-Jürgen Scharfenberg,Die Linke
752,Christina Schade,AfD
753,Michael Koch,CDU
754,Gabriele Theiss,SPD
755,Wolfgang Roick,SPD
756,Uwe Liebehenschel,CDU
757,Frank Bommert,CDU
758,Dr. Ulrike Liedtke,SPD
759,Franz Josef Wiese,AfD
760,Laura Lazarus,CDU
761,Jan-Ulrich Weiß,AfD
762,Barbara Richstein,CDU
763,Erik Stohn,SPD
764,Kerstin Kircheis,SPD
765,Britta Müller,SPD
766,Sören Kosanke,SPD
767,Tina Fischer,SPD
768,Steffen Königer,AfD
769,Kathrin Dannenberg,Die Linke
770,Barbara Hackenschmidt,SPD
771,Detlef Baer,SPD
772,Dr. Knut Große,CDU
773,Sven Schröder,AfD
774,Andreas Galau,AfD
775,Henryk Wichmann,CDU
776,Prof. Dr. Ulrike Liedtke,SPD
777,Dr. Rainer van Raemdonck,AfD
778,Sylvia Lehmann,SPD
779,Elisabeth Alter,SPD
780,Helmut Barthel,SPD
781,Dr. Volkmar Schöneburg,Die Linke
782,Björn Lüttmann,SPD
783,Sven Petke,CDU
784,Simona Koß,SPD
785,Uwe Schmidt,SPD
786,Inka Gossmann-Reetz,SPD
787,Margitta Mächtig,Die Linke
788,Daniel Kurth,SPD
789,Gerrit Große,Die Linke
790,Anja Heinrich,CDU
791,Dr. Alexander Gauland,AfD
792,Thomas Günther,SPD
793,Ralf Holzschuher,SPD
794,Holger Rupprecht,SPD
795,Britta Stark,SPD
796,Jutta Lieske,SPD
797,René Wilke,Die Linke
798,Klaus Ness,SPD
799,Stefan Hein,fraktionslos
800,Dr. Martina Münch,SPD
801,Ludwig Burkardt,CDU
802,Stefan Ludwig,Die Linke
803,Mike Bischoff,SPD
804,Björn Tschöpe,SPD
805,Mustafa Güngör,SPD
806,Margitta Schmidtke,SPD
807,Sybille Böschen,SPD
808,Kristina Vogt,Die Linke
809,Peter Erlanson,Die Linke
810,Sükrü Senkal,SPD
811,Dieter Reinken,SPD
812,Sarah Ryglewski,SPD
813,Winfried Brumma,SPD
814,Matthias Güldner,Bündnis 90/Die Grünen
815,Thomas Röwekamp,CDU
816,Gabriela Piontkowski,CDU
817,Claudia Bernhard,Die Linke
818,Silvia Neumeyer,CDU
819,Sandra Ahrens,CDU
820,Heiko Strohmann,CDU
821,Jörg Kastendiek,CDU
822,Rainer Hamann,SPD
823,Sigrid Grönert,CDU
824,Wilhelm Hinners,CDU
825,Klaus-Rainer Rupp,Die Linke
826,Carl Kau,CDU
827,Max Liess,SPD
828,Erwin Knäpper,CDU
829,Cindi Tuncel,Die Linke
830,Thomas vom Bruch,CDU
831,Claas Rohmeyer,CDU
832,Rainer Bensch,CDU
833,Frank Imhoff,CDU
834,Karin Garling,SPD
835,Andreas Kottisch,SPD
836,Petra Krümpfer,SPD
837,Ingelore Rosenkötter,SPD
838,Wolfgang Jägers,SPD
839,Manfred Oppermann,SPD
840,Arno Gottschalk,SPD
841,Elias Tsartilidis,SPD
842,Insa Peters-Rehwinkel,SPD
843,Frank Schildt,SPD
844,Margitta,SPD
845,Paul Bödeker,CDU
846,Valentina Tuchel,SPD
847,Helmut Weigelt,SPD
848,Jürgen Pohlmann,SPD
849,Elisabeth Motschmann,CDU
850,Elombo Bolayela,SPD
851,Susanne Grobien,CDU
852,Reiner Holsten,SPD
853,Ruken Aytas,SPD
854,Aydin Gürlevik,SPD
855,Rita Mohr-Lüllmann,CDU
856,Klaus Möhle,SPD
857,Manuela Mahnke,SPD
858,Mehmet Ali Seyrek,SPD
859,Thomas Röwekamp,CDU
860,Silvia Neumeyer,CDU
861,Björn Tschöpe,SPD
862,Stephanie Dehne,SPD
863,Dr. Maike Schaefer,Bündnis 90/Die Grünen
864,Sahhanim Görgü-Philipp,Bündnis 90/Die Grünen
865,Björn Fecker,Bündnis 90/Die Grünen
866,Kristina Vogt,Die Linke
867,Miriam Strunge,Die Linke
868,Dr. Thomas vom Bruch,CDU
869,Heiko Strohmann,CDU
870,Marco Lübke,CDU
871,Lencke Steiner,FDP
872,Rainer Hamann,SPD
873,Jürgen Pohlmann,SPD
874,Dieter Reinken,SPD
875,Andreas Kottisch,SPD
876,Sophia Leonidakis,Die Linke
877,Claudia Bernhard,Die Linke
878,Frank Imhoff,CDU
879,Sybille Böschen,SPD
880,Jens Eckhoff,CDU
881,Patrick Öztürk,SPD
882,Sükrü Senkal,SPD
883,Cindi Tuncel,Die Linke
884,Wilhelm Hinners,CDU
885,Susanne Grobien,CDU
886,Claas Rohmeyer,CDU
887,Dr. Magnus Buhlert,FDP
888,Prof. Dr. Hauke Hilz,FDP
889,Peter Erlanson,Die Linke
890,Heike Hänsel,Die Linke
891,Annette Groth,Die Linke
892,Sevim Dağdelen,Die Linke
893,Niema Movassat,Die Linke
894,Dr. Alexander S. Neu,Die Linke
895,Kerstin Kassner,Die Linke
896,Dr. André Hahn,Die Linke
897,Ulla Jelpke,Die Linke
898,Andrej Hunko,Die Linke
899,Christine Buchholz,Die Linke
900,Jan van Aken,Die Linke
901,Wolfgang Gehrcke,Die Linke
902,Dr. Tobias Lindner,Bündnis 90/Die Grünen
903,Britta Haßelmann,Bündnis 90/Die Grünen
904,Dr. Gerhard Schick,Bündnis 90/Die Grünen
905,Inge Höger,Die Linke
906,Dr. Petra Sitte,Die Linke
907,Halina Wawzyniak,Die Linke
908,Caren Lay,Die Linke
909,Birgit Menz,Die Linke
910,Sabine Leidig,Die Linke
911,Lisa Paus,Bündnis 90/Die Grünen
912,Monika Lazar,Bündnis 90/Die Grünen
913,Özcan Mutlu,Bündnis 90/Die Grünen
914,Frank Tempel,Die Linke
915,Petra Pau,Die Linke
916,Karin Binder,Die Linke
917,Herbert Behrens,Die Linke
918,Cem Özdemir,Bündnis 90/Die Grünen
919,Oliver Krischer,Bündnis 90/Die Grünen
920,Stephan Kühn,Bündnis 90/Die Grünen
921,Martina Renner,Die Linke
922,Katja Keul,Bündnis 90/Die Grünen
923,Volker Beck,Bündnis 90/Die Grünen
924,Katrin Kunert,Die Linke
925,Jan Korte,Die Linke
926,Susanna Karawanskij,Die Linke
927,Klaus Ernst,Die Linke
928,Jutta Krellmann,Die Linke
929,Eva Bulling-Schröter,Die Linke
930,Hubertus Zdebel,Die Linke
931,Renate Künast,Bündnis 90/Die Grünen
932,Konstantin von Notz,Bündnis 90/Die Grünen
933,Dr. Konstantin von Notz,Bündnis 90/Die Grünen
934,Irene Mihalic,Bündnis 90/Die Grünen
935,Kordula Schulz-Asche,Bündnis 90/Die Grünen
936,Maria Klein-Schmeink,Bündnis 90/Die Grünen
937,Agnieszka Brugger,Bündnis 90/Die Grünen
938,Omid Nouripour,Bündnis 90/Die Grünen
939,Dr. Kirsten Tackmann,Die Linke
940,Claudia Roth,Bündnis 90/Die Grünen
941,Katharina Dröge,Bündnis 90/Die Grünen
942,Uwe Kekeritz,Bündnis 90/Die Grünen
943,Luise Amtsberg,Bündnis 90/Die Grünen
944,Dr. Franziska Brantner,Bündnis 90/Die Grünen
945,Annalena Baerbock,Bündnis 90/Die Grünen
946,Marieluise Beck,Bündnis 90/Die Grünen
947,Matthias Gastel,Bündnis 90/Die Grünen
948,Harald Ebner,Bündnis 90/Die Grünen
949,Katja Kipping,Die Linke
950,Kathrin Vogler,Die Linke
951,Dr. Valerie Wilms,Bündnis 90/Die Grünen
952,Sven-Christian Kindler,Bündnis 90/Die Grünen
953,Sylvia Kotting-Uhl,Bündnis 90/Die Grünen
954,Kerstin Andreae,Bündnis 90/Die Grünen
955,Tabea Rößner,Bündnis 90/Die Grünen
956,Markus Tressel,Bündnis 90/Die Grünen
957,Dr. Julia Verlinden,Bündnis 90/Die Grünen
958,Peter Meiwald,Bündnis 90/Die Grünen
959,Corinna Rüffer,Bündnis 90/Die Grünen
960,Steffi Lemke,Bündnis 90/Die Grünen
961,Kai Gehring,Bündnis 90/Die Grünen
962,Dr. Harald Terpe,Bündnis 90/Die Grünen
963,Nicole Maisch,Bündnis 90/Die Grünen
964,Dieter Janecek,Bündnis 90/Die Grünen
965,Sabine Zimmermann,Die Linke
966,Brigitte Pothmer,Bündnis 90/Die Grünen
967,Markus Kurth,Bündnis 90/Die Grünen
968,Beate Müller-Gemmeke,Bündnis 90/Die Grünen
969,Nicole Gohlke,Die Linke
970,Katja Dörner,Bündnis 90/Die Grünen
971,Bärbel Höhn,Bündnis 90/Die Grünen
972,Dr. Thomas Gambke,Bündnis 90/Die Grünen
973,Harald Weinberg,Die Linke
974,Alexander S. Neu,Die Linke
975,Elisabeth Scharfenberg,Bündnis 90/Die Grünen
976,Birgit Wöllert,Die Linke
977,Matthias W. Birkwald,Die Linke
978,Azize Tank,Die Linke
979,Hans-Christian Ströbele,Bündnis 90/Die Grünen
980,Dr. Wolfgang Strengmann-Kuhn,Bündnis 90/Die Grünen
981,Friedrich Ostendorff,Bündnis 90/Die Grünen
982,Katrin Göring-Eckardt,Bündnis 90/Die Grünen
983,Ulle Schauws,Bündnis 90/Die Grünen
984,Kersten Steinke,Die Linke
985,Sigrid Hupach,Die Linke
986,Norbert Müller,Die Linke
987,Beate Walter-Rosenheimer,Bündnis 90/Die Grünen
988,Cornelia Möhring,Die Linke
989,weitererAbgeordneter,Die Linke
990,Dr. Frithjof Schmidt,Bündnis 90/Die Grünen
991,Jürgen Trittin,Bündnis 90/Die Grünen
992,Ralph Lenkert,Die Linke
993,Heidrun Bluhm,Die Linke
994,Christian Kühn,Bündnis 90/Die Grünen
995,Dr. Rosemarie Hein,Die Linke
996,Tom Koenigs,Bündnis 90/Die Grünen
997,Doris Wagner,Bündnis 90/Die Grünen
998,Dr. Diether Dehm,Die Linke
999,Jörn Wunderlich,Die Linke
1000,Katrin Werner,Die Linke
1001,Anja Hajduk,Bündnis 90/Die Grünen
1002,Ekin Deligöz,Bündnis 90/Die Grünen
1003,weiter Abgeordneter,Bündnis 90/Die Grünen
1004,Alexander Ulrich,Die Linke
1005,Manuel Sarrazin,Bündnis 90/Die Grünen
1006,Franziska Brantner,Bündnis 90/Die Grünen
1007,Dr. Axel Troost,Die Linke
1008,Richard Pitterle,Die Linke
1009,Thomas Lutze,Die Linke
1010,Roland Claus,Die Linke
1011,Dr. Anton Hofreiter,Bündnis 90/Die Grünen
1012,Wolfgang Strengmann-Kuhn,Bündnis 90/Die Grünen
1013,Wolfgang Gehrke,Die Linke
1014,Thomas Gambke,Bündnis 90/Die Grünen
1015,Harald Petzold,Die Linke
1016,Anette Groth,Die Linke
1017,Pia Zimmermann,Die Linke
1018,Dr. Gesine Lötzsch,Die Linke
1019,Dr. Sahra Wagenknecht,Die Linke
1020,Dr. Dietmar Bartsch,Die Linke
1021,Thomas Nord,Die Linke
1022,Michael Leutert,Die Linke
1023,Wawzyniak,Die Linke
1024,Kerstin Steinke,Die Linke
1025,Michael Schlecht,Die Linke
1026,Hebert Behrens,Die Linke
1027,Susanne Karawanskij,Die Linke
1028,Caren Ley,Die Linke
1029,Dr. Gregor Gysi,Die Linke
1030,Jan Aken,Die Linke
1031,Diana Golze,Die Linke
1032,Dr. Dieter Dehm,Die Linke
1033,Julia Verlinden,Bündnis 90/Die Grünen
1034,Priska Hinz,Bündnis 90/Die Grünen
1035,Britta Katharina Dassler,FDP
1036,Matthias Seestern-Pauly,FDP
1037,Renata Alt,FDP
1038,Katja Suding,FDP
1039,Grigorios Aggelidis,FDP
1040,Tobias Matthias Peterka,AfD
1041,Jens Maier,AfD
1042,Stephan Brandner,AfD
1043,Hagen Reinhold,FDP
1044,Oliver Luksic,FDP
1045,Steffen Kotre,AfD
1046,Dr. Heiko Heßenkemper,AfD
1047,Prof. Dr. Heiko Heßenkemper,AfD
1048,Tino Chrupalla,AfD
1049,Dr. Alexander S. Neu,Die Linke
1050,Zaklin Nastic,Die Linke
1051,Heike Hänsel,Die Linke
1052,Sevim Dağdelen,Die Linke
1053,Matthias W. Birkwald,Die Linke
1054,Doris Achelwilm,Die Linke
1055,Cornelia Möhring,Die Linke
1056,Stephan Thomae,FDP
1057,Benjamin Strasser,FDP
1058,Christian Dürr,FDP
1059,Ulla Ihnen,FDP
1060,Otto Fricke,FDP
1061,Dr. Marcel Klinge,FDP
1062,Dr. Petra Sitte,Die Linke
1063,Jan Korte,Die Linke
1064,Friedrich Straetmanns,Die Linke
1065,Michel Brandt,Die Linke
1066,Gökay Akbulut,Die Linke
1067,Andrej Hunko,Die Linke
1068,Frank Sitta,FDP
1069,Karlheinz Busen,FDP
1070,Daniel Föst,FDP
1071,Uwe Kekeritz,Bündnis 90/Die Grünen
1072,Ottmar von Holtz,Bündnis 90/Die Grünen
1073,Stephan Kühn,Bündnis 90/Die Grünen
1074,Stefan Gelbhaar,Bündnis 90/Die Grünen
1075,Dr. Wieland Schinnenburg,FDP
1076,Lorenz Gösta Beutin,Die Linke
1077,Dr. Gesine Lötzsch,Die Linke
1078,Sabine Leidig,Die Linke
1079,Christian Jung,FDP
1080,Torsten Herbst,FDP
1081,Dr. Christian Jung,FDP
1082,Johannes Vogel,FDP
1083,Dr. Dietmar Bartsch,Die Linke
1084,Matthias Höhn,Die Linke
1085,Nicole Gohlke,Die Linke
1086,Anke Domscheit-Berg,Die Linke
1087,Fabio De Masi,Die Linke
1088,Eva-Maria Schreiber,Die Linke
1089,Ulla Jelpke,Die Linke
1090,Christine Buchholz,Die Linke
1091,Susanne Ferschl,Die Linke
1092,Filiz Polat,Bündnis 90/Die Grünen
1093,Roman Müller-Böhm,FDP
1094,Judith Skudelny,FDP
1095,Olaf in der Beek,FDP
1096,Alexander Graf Lambsdorff,FDP
1097,Till Mansmann,FDP
1098,Dietmar Friedhoff,AfD
1099,Markus Frohnmaier,AfD
1100,Ulrich Oehme,AfD
1101,Dr. André Hahn,Die Linke
1102,Simone Barrientos,Die Linke
1103,Sven Lehmann,Bündnis 90/Die Grünen
1104,Markus Kurth,Bündnis 90/Die Grünen
1105,Corinna Rüffer,Bündnis 90/Die Grünen
1106,Dr. Florian Toncar,FDP
1107,Katja Hessel,FDP
1108,Bernd Reuther,FDP
1109,Daniela Kluckert,FDP
1110,Michael Theurer,FDP
1111,Markus Herbrand,FDP
1112,Jens Beeck,FDP
1113,Agnieszka Brugger,Bündnis 90/Die Grünen
1114,Ekin Deligöz,Bündnis 90/Die Grünen
1115,Dr. Anna Christmann,Bündnis 90/Die Grünen
1116,Kai Gehring,Bündnis 90/Die Grünen
1117,Thomas Hacker,FDP
1118,Peter Heidt,FDP
1119,Reinhard Houben,FDP
1120,Daniela Wagner,Bündnis 90/Die Grünen
1121,Matthias Gastel,Bündnis 90/Die Grünen
1122,Wilhelm von Gottberg,AfD
1123,Stephan Protschka,AfD
1124,Katrin Helling-Plahr,FDP
1125,Nicole Bauer,FDP
1126,Uwe Witt,AfD
1127,Jürgen Pohl,AfD
1128,Jörg Schneider,AfD
1129,René Springer,AfD
1130,Oliver Krischer,Bündnis 90/Die Grünen
1131,Monika Lazar,Bündnis 90/Die Grünen
1132,Dr. Konstantin von Notz,Bündnis 90/Die Grünen
1133,Dr. Irene Mihalic,Bündnis 90/Die Grünen
1134,Pia Zimmermann,Die Linke
1135,Harald Weinberg,Die Linke
1136,Ulle Schauws,Bündnis 90/Die Grünen
1137,Frank Schäffler,FDP
1138,Dr. Martin Neumann,FDP
1139,Stefan Liebich,Die Linke
1140,Dr. Robby Schlund,AfD
1141,Detlev Spangenberg,AfD
1142,Dr. Bettina Hoffmann,Bündnis 90/Die Grünen
1143,Jan Ralf Nolte,AfD
1144,Rüdiger Lucassen,AfD
1145,Gerold Otten,AfD
1146,Sylvia Gabelmann,Die Linke
1147,Martin Sichert,AfD
1148,Stefan Schmidt,Bündnis 90/Die Grünen
1149,Hartmut Ebbing,FDP
1150,Dr. Jens Brandenburg,FDP
1151,Mario Brandenburg,FDP
1152,Dr. Bernd Baumann,AfD
1153,Stefan Keuter,AfD
1154,Martin Hess,AfD
1155,Dr. Danyal Bayaz,Bündnis 90/Die Grünen
1156,Dr. Franziska Brantner,Bündnis 90/Die Grünen
1157,Anja Hajduk,Bündnis 90/Die Grünen
1158,Jessica Tatti,Die Linke
1159,Margit Stumpp,Bündnis 90/Die Grünen
1160,Helin Evrim Sommer,Die Linke
1161,Dr. Gero Clemens Hocker,FDP
1162,Leif-Erik Holm,AfD
1163,Dr. Roland Hartwig,AfD
1164,Armin-Paulus Hampel,AfD
1165,Dr. Anton Friesen,AfD
1166,Alexander Kulitz,FDP
1167,Carina Konrad,FDP
1168,Niema Movassat,Die Linke
1169,Ulrich Lechte,FDP
1170,Bettina Stark-Watzinger,FDP
1171,Dr. Andrew Ullmann,FDP
1172,Prof. Dr. Andrew Ullmann,FDP
1173,Peter Felser,AfD
1174,Ulrike Schielke-Ziesing,AfD
1175,Gerald Ullrich,FDP
1176,Franziska Gminder,AfD
1177,Steffi Lemke,Bündnis 90/Die Grünen
1178,Friedrich Ostendorff,Bündnis 90/Die Grünen
1179,Dr. Kirsten Tackmann,Die Linke
1180,Dr. Marco Buschmann,FDP
1181,Michael Espendiller,AfD
1182,Joana Cotar,AfD
1183,Uwe Schulz,AfD
1184,Christoph Meyer,FDP
1185,Dr. h. c. Thomas Sattelberger,FDP
1186,Martin Erwin Renner,AfD
1187,Martin Hebner,AfD
1188,Dr. Marc Jongen,AfD
1189,Lisa Paus,Bündnis 90/Die Grünen
1190,Dr. Bruno Hollnagel,AfD
1191,Dr. Michael Espendiller,AfD
1192,Pascal Kober,FDP
1193,Prof. Dr. Martin Neumann,FDP
1194,Sandra Weeser,FDP
1195,Dieter Janecek,Bündnis 90/Die Grünen
1196,Renate Künast,Bündnis 90/Die Grünen
1197,Tabea Rößner,Bündnis 90/Die Grünen
1198,Pascal Meiser,Die Linke
1199,Dr. Ingrid Nestle,Bündnis 90/Die Grünen
1200,Dr. Julia Verlinden,Bündnis 90/Die Grünen
1201,Martina Renner,Die Linke
1202,Dr. Gottfried Curio,AfD
1203,Dr. Birke Bull-Bischoff,Die Linke
1204,Dr. Kirsten Kappert-Gonther,Bündnis 90/Die Grünen
1205,Dr. Lothar Maier,AfD
1206,Roman Johannes Reusch,AfD
1207,Sebastian Münzenmaier,AfD
1208,Canan Bayram,Bündnis 90/Die Grünen
1209,Luise Amtsberg,Bündnis 90/Die Grünen
1210,Katja Keul,Bündnis 90/Die Grünen
1211,Christine Aschenberg-Dugnus,FDP
1212,Norbert Kleinwächter,AfD
1213,Klaus Ernst,Die Linke
1214,Jörg Cezanne,Die Linke
1215,Markus Tressel,Bündnis 90/Die Grünen
1216,Katharina Willkomm,FDP
1217,Karsten Klein,FDP
1218,Christoph Neumann,AfD
1219,Frank Magnitz,AfD
1220,Marc Bernhard,AfD
1221,Udo Theodor Hemmelgarn,AfD
1222,Verena Hartmann,AfD
1223,Dr. Diether Dehm,Die Linke
1224,Martin Reichardt,AfD
1225,Frank Pasemann,AfD
1226,Nicole Höchst,AfD
1227,Beate Müller-Gemmeke,Bündnis 90/Die Grünen
1228,Jimmy Schulz,FDP
1229,Dr. Achim Kessler,Die Linke
1230,Konstantin Kuhle,FDP
1231,Hubertus Zdebel,Die Linke
1232,Sven-Christian Kindler,Bündnis 90/Die Grünen
1233,Jutta Krellmann,Die Linke
1234,Petra Pau,Die Linke
1235,Kathrin Vogler,Die Linke
1236,Manuel Höferlin,FDP
1237,Gyde Jensen,FDP
1238,Lisa Badum,Bündnis 90/Die Grünen
1239,Dr. Marie-Agnes Strack-Zimmermann,FDP
1240,Dr. Götz Frömming,AfD
1241,Manfred Todtenhausen,FDP
1242,Katharina Dröge,Bündnis 90/Die Grünen
1243,Claudia Müller,Bündnis 90/Die Grünen
1244,Paul Viktor Podolay,AfD
1245,Matthias Büttner,AfD
1246,Dr. Dirk Spaniel,AfD
1247,Thomas Seitz,AfD
1248,Britta Haßelmann,Bündnis 90/Die Grünen
1249,Christian Kühn,Bündnis 90/Die Grünen
1250,Omid Nouripour,Bündnis 90/Die Grünen
1251,Margarete Bause,Bündnis 90/Die Grünen
1252,Claudia Roth,Bündnis 90/Die Grünen
1253,Cem Özdemir,Bündnis 90/Die Grünen
1254,Tobias Pflüger,Die Linke
1255,Dr. Lukas Köhler,FDP
1256,Petr Bystron,AfD
1257,Albrecht Glaser,AfD
1258,Karsten Hilse,AfD
1259,Kay Gottschalk,AfD
1260,Dr. Christian Wirth,AfD
1261,Beate Walter-Rosenheimer,Bündnis 90/Die Grünen
1262,Gero Hocker,FDP
1263,Sylvia Kotting-Uhl,Bündnis 90/Die Grünen
1264,Enrico Komning,AfD
1265,Frank Müller-Rosentritt,FDP
1266,Peter Boehringer,AfD
1267,Jürgen Trittin,Bündnis 90/Die Grünen
1268,Kordula Schulz-Asche,Bündnis 90/Die Grünen
1269,Dr. Manuela Rottmann,Bündnis 90/Die Grünen
1270,Mariana Iris Harder-Kühnel,AfD
1271,Norbert Müller,Die Linke
1272,Brigitte Freihold,Die Linke
1273,Dr. Stefan Ruppert,FDP
1274,Beatrix von Storch,AfD
1275,Andreas Mrosek,AfD
1276,Thomas Sattelberger,FDP
1277,Erhard Grundl,Bündnis 90/Die Grünen
1278,Jochen Haug,AfD
1279,Annalena Baerbock,Bündnis 90/Die Grünen
1280,Harald Ebner,Bündnis 90/Die Grünen
1281,Wolfgang Wiehle,AfD
1282,Thomas Ehrhorn,AfD
1283,Dr. Axel Gehrke,AfD
1284,Prof. Dr. Axel Gehrke,AfD
1285,Jörn König,AfD
1286,Michael Georg Link,FDP
1287,Annalena Baerbock Lisa Paus,Bündnis 90/Die Grünen
1288,Ingrid Remmers,Die Linke
1289,Volker Münz,AfD
1290,Andreas Wagner,Die Linke
1291,Katja Dörner,Bündnis 90/Die Grünen
1292,Dr. Alexander Neu,Die Linke
1293,Fabian Jacobi,AfD
1294,Ralph Lenkert,Die Linke
1295,Birke Bull-Bischoff,Die Linke
1296,Alexander Ulrich,Die Linke
1297,Maria Klein-Schmeink,Bündnis 90/Die Grünen
1298,Thomas L. Kemmerich,FDP
1299,Corinna Miazga,AfD
1300,Nicole Westig,FDP
1301,Lars Herrmann,AfD
1302,Dr. Dieter Dehm,Die Linke
1303,Amira Mohamed Ali,Die Linke
1304,Jens Beck,FDP
1305,Kerstin Andreae,Bündnis 90/Die Grünen
1306,Caren Lay,Die Linke
1307,Christian Sauter,FDP
1308,Dr. Wolfgang Strengmann-Kuhn,Bündnis 90/Die Grünen
1309,Konstantin von Notz,Bündnis 90/Die Grünen
1310,Waldemar Herdt,AfD
1311,Jürgen Braun,AfD
1312,Dr. Heiko Wildberg,AfD
1313,Franziska Brantner,Bündnis 90/Die Grünen
1314,Dr. Rainer Kraft,AfD
1315,Sören Pellmann,Die Linke
1316,Manuel Sarrazin,Bündnis 90/Die Grünen
1317,Victor Perli,Die Linke
1318,Katjia Suding,FDP
1319,Dr. Christoph Hoffmann,FDP
1320,Ulla Jepke,Die Linke
1321,Dr. Bettina Hoffman,Bündnis 90/Die Grünen
1322,Dr. Jürgen Martens,FDP
1323,Andreas Bleck,AfD
1324,Jörg Cezanne Klaus Ernst,Die Linke
1325,Katja Kipping,Die Linke
1326,und,Die Linke
1327,Dr. Harald Weyel,AfD
1328,Prof. Dr. Harald Weyel,AfD
1329,Dr. Marcus Faber,FDP
1330,Dr. Gregor Gysi,Die Linke
1331,Katrin Werner,Die Linke
1332,Martin Renner,AfD
1333,Danyal Bayaz,Bündnis 90/Die Grünen
1334,Sabine Zimmermann,Die Linke
1335,Christian Wirth,AfD
1336,Carl-Julius Cronenberg,FDP
1337,Dr. Frithjof Schmidt,Bündnis 90/Die Grünen
1338,Berengar Elsner von Gronow,AfD
1339,Dietmar Friedhof,AfD
1340,Kerstin Kassner,Die Linke
1341,Nicola Beer,FDP
1342,Heidrun Bluhm-Förster,Die Linke
1343,Marcus Bühl,AfD
1344,Hansjörg Müller,AfD
1345,Anton Friesen,AfD
1346,Stefan Thomae,FDP
1347,weiter Abgeordneter,AfD
1348,Alexander Müller,FDP
1349,weitere Abgeordnete,FDP
1350,Heidrun Bluhm,Die Linke
1351,Lorenz Gösta,Die Linke
1352,Ingrid Nestle,Bündnis 90/Die Grünen
1353,weiterer Abegordneter,Die Linke
1354,weiterer Abgeorndeter,Bündnis 90/Die Grünen
1355,Dr. Tobias Lindner,Bündnis 90/Die Grünen
1356,Linda Teuteberg,FDP
1357,Grigorios,FDP
1358,Petra Sitte,Die Linke
1359,Siegbert Droese,AfD
1360,anderer Abgeordneter,Bündnis 90/Die Grünen
1361,Thomas Nord,Die Linke
1362,Dr. Konstatin von Notz,Bündnis 90/Die Grünen
1363,Dr. Marcel Kling,FDP
1364,Marcel Klinge,FDP
1365,Thomas Lutze,Die Linke
1366,Jens Kestner,AfD
1367,Jürgen Martens,FDP
1368,Gerhard Zickenheiner,Bündnis 90/Die Grünen
1369,Thomas Kemmerich,FDP
1370,weiterer,Bündnis 90/Die Grünen
1371,Kordula Schulze-Asche,Bündnis 90/Die Grünen
1372,Prof. Dr. Lothar Maier,AfD
1373,Rainer Kraft,AfD
1374,Stefan Ruppert,FDP
1375,Marie-Agnes Strack-Zimmermann,FDP
1376,Dr. Gerhard Schick,Bündnis 90/Die Grünen
1377,weiterer abgeordneter,AfD
1378,Uwe Kamann,AfD
1379,Katrin Göring-Eckardt,Bündnis 90/Die Grünen
1380,Kersten Steinke,Die Linke
1381,Johannes Huber,AfD
1382,Bijan Djir-Sarai,FDP
1383,Gesine Lötzsch,Die Linke
1384,Michael Theuer,FDP
1385,Gero Clemens Hocker,FDP
1386,Dr. Markus Faber,FDP
1387,Martin Hohmann,AfD
1388,weiterer Abgeordnter,FDP
1389,weiterer Ageordneter,Bündnis 90/Die Grünen
1390,Renata Alt und,FDP
1391,Dr. Hermann Otto Solms,FDP
1392,Eva-Maria Elisabeth Schreiber,Die Linke
1393,Christian Lindner,FDP
1394,Dr. Gero Hocker,FDP
1395,Fank Sitta,FDP
1396,Dr. Valerie Wilms,Bündnis 90/Die Grünen
1397,Winfried Hermann,Bündnis 90/Die Grünen
1398,Dr. Anton Hofreiter,Bündnis 90/Die Grünen
1399,Ulla Jelpke Dr. André Hahn,Die Linke
1400,Katharina Kloke,FDP
1401,Irene Mihalic,Bündnis 90/Die Grünen
1402,Dr,FDP
1403,Dr. Birgit Malsack-Winkemann,AfD
1404,Achim Kessler,Die Linke
1405,Michael Leutert,Die Linke
1406,Dr. Christan Wirth,AfD
1407,Bettina Herlitzius,Bündnis 90/Die Grünen
1408,Sebastian Münzenmeier,AfD
1409,Dr. Sahra Wagenknecht,Die Linke
1410,Dr. Thomas Gambke,Bündnis 90/Die Grünen
1411,Albrecht Heinz Erhard Glaser,AfD
1412,Joana Eleonora Cotar,AfD
1413,Konstantin Elias Kuhle,FDP
1414,Marco Buschmann,FDP
1415,Annette Groth,Die Linke
1416,Jan van Aken,Die Linke
1417,Heinz Lotz,SPD
1418,Angelika Löber,SPD
1419,Karin Hartmann,SPD
1420,Michael Siebel,SPD
1421,Jürgen Lenders,FDP
1422,Jan Schalauske,Die Linke
1423,Gerhard Merz,SPD
1424,Nancy Faeser,SPD
1425,Andrea Ypsilanti,SPD
1426,Handan Özgüven,SPD
1427,Christoph Degen,SPD
1428,Corrado Di Benedetto,SPD
1429,Marjana Schott,Die Linke
1430,Wolfgang Greilich,FDP
1431,Dr. Daniela Sommer,SPD
1432,Lisa Gnadl,SPD
1433,Lothar Quanz,SPD
1434,Stephan Grüger,SPD
1435,Stefan Müller,FDP
1436,René Rock,FDP
1437,Uwe Frankenberger,SPD
1438,Hermann Schaus,Die Linke
1439,Dr. h.c. Jörg-Uwe Hahn,FDP
1440,Elke Barth,SPD
1441,Sabine Waschke,SPD
1442,Torsten Warnecke,SPD
1443,Manuela Strube,SPD
1444,Günter Rudolph,SPD
1445,Regine Müller,SPD
1446,Dieter Franz,SPD
1447,Wolfgang Decker,SPD
1448,Brigitte Hofmeyer,SPD
1449,Gerald Kummer,SPD
1450,Kerstin Geis,SPD
1451,Marius Weiß,SPD
1452,Gernot Grumbach,SPD
1453,Heike Hofmann,SPD
1454,Ernst-Ewald Roth,SPD
1455,Rüdiger Holschuh,SPD
1456,Tobias Eckert,SPD
1457,Alexander Bauer,CDU
1458,Janine Wissler,Die Linke
1459,Wiebke Knell,FDP
1460,Karin Wolff,CDU
1461,Ismail Tipi,CDU
1462,Claudia Ravensburg,CDU
1463,Klaus Peter Möller,CDU
1464,Markus Meysner,CDU
1465,Dirk Landau,CDU
1466,Andreas Hofmeister,CDU
1467,Birgit Heitland,CDU
1468,Christian Heinz,CDU
1469,Klaus Dietz,CDU
1470,Ulrich Caspar,CDU
1471,Sabine Bächle-Scholz,CDU
1472,Jürgen Banzer,CDU
1473,Lena Arnoldt,CDU
1474,Frank Steinraths,CDU
1475,Kaya Kinkel,Bündnis 90/Die Grünen
1476,Gabriele Faulhaber,Die Linke
1477,Turgut Yüksel,SPD
1478,Ulrike Alex,SPD
1479,Angela Dorn,Bündnis 90/Die Grünen
1480,Martina Feldmayer,Bündnis 90/Die Grünen
1481,Hildegard Förster-Heldmann,Bündnis 90/Die Grünen
1482,Norbert Schmitt,SPD
1483,Armin Schwarz,CDU
1484,Dr. Frank Blechschmidt,FDP
1485,Ursula Hammann,Bündnis 90/Die Grünen
1486,Thorsten Schäfer-Gümbel,SPD
1487,Heike Habermann,SPD
1488,Mathias Wagner,Bündnis 90/Die Grünen
1489,Holger Bellino,CDU
1490,Kurt Wiegel,CDU
1491,Tobias Utter,CDU
1492,Petra Müller-Klepper,CDU
1493,Hugo Klein,CDU
1494,Timon Gremmels,SPD
1495,Karin Müller,Bündnis 90/Die Grünen
1496,Nicola Beer,FDP
1497,Astrid Wallmann,CDU
1498,Uwe Serke,CDU
1499,Michael Reul,CDU
1500,Clemens Reif,CDU
1501,Irmgard Klaff-Isselmann,CDU
1502,Daniel May,Bündnis 90/Die Grünen
1503,Bettina Wiesmann,CDU
1504,Jürgen Frömmrich,Bündnis 90/Die Grünen
1505,Hans-Jürgen Irmer,CDU
1506,Dr. Ulrich Wilken,Die Linke
1507,Norbert Kartmann,CDU
1508,Joachim Veyhelmann,CDU
1509,Manfred Pentz,CDU
1510,Judith Lannert,CDU
1511,Horst Klee,CDU
1512,Florian Rentsch,FDP
1513,Eva Goldbach,Bündnis 90/Die Grünen
1514,Sigrid Erfurth,Bündnis 90/Die Grünen
1515,Dr. Walter Arnold,CDU
1516,Heiko Kasseckert,CDU
1517,van Willi Ooyen,Die Linke
1518,Peter Stephan,CDU
1519,Barbara Cárdenas,Die Linke
1520,Dr. Ralf-Norbert Bartelt,CDU
1521,Hartmut Honka,CDU
1522,Michael Boddenberg,CDU
1523,Günter Schork,CDU
1524,Dr. Thomas Spies,SPD
1525,Dr. Jörg-Uwe Hahn,FDP
1526,Dr. Daniela Neuschäfer,SPD
1527,Jörg-Uwe Hahn,FDP
1528,Daniela Neuschäfer,SPD
1529,Ulrike Berger,Bündnis 90/Die Grünen
1530,Karen Stramm,Die Linke
1531,Barbara Borchardt,Die Linke
1532,Prof. Dr. Fritz Tack,Die Linke
1533,Helmut Holter,Die Linke
1534,Henning Foerster,Die Linke
1535,Dr. Ursula Karlowski,Bündnis 90/Die Grünen
1536,David Petereit,NPD
1537,Simone Oldenburg,Die Linke
1538,Johann-Georg Jaeger,Bündnis 90/Die Grünen
1539,Peter Ritter,Die Linke
1540,Silke Gajek,Bündnis 90/Die Grünen
1541,Johannes Saalfeld,Bündnis 90/Die Grünen
1542,Jürgen Suhr,Bündnis 90/Die Grünen
1543,Tino Müller,NPD
1544,Jacqueline Bernhardt,Die Linke
1545,Dr. Hikmat Al-Sabty,Die Linke
1546,Dr. André Brie,Die Linke
1547,Torsten Koplin,Die Linke
1548,Regine Lück,Die Linke
1549,Dr. Mignon Schwenke,Die Linke
1550,Udo Pastörs,NPD
1551,Beate Schlupp,CDU
1552,Stefan Köster,NPD
1553,Jeannine Rösler,Die Linke
1554,Michael Andrejewski,NPD
1555,Jutta Gerkan,Bündnis 90/Die Grünen
1556,Egbert Liskow,CDU
1557,Burkard Lenz,CDU
1558,Julian Barlen,SPD
1559,Maika Friemann-Jennert,CDU
1560,Jürgen Seidel,CDU
1561,Wolfgang Waldmüller,CDU
1562,Dietmar Eifler,CDU
1563,Ingulf Donig,SPD
1564,Christel Weißig,AfD
1565,Torsten Koplin,Die Linke
1566,Jacqueline Bernhardt,Die Linke
1567,Nikolaus Kramer,AfD
1568,Stephan J. Reuken,AfD
1569,Jörg Kröger,AfD
1570,Jeannine Rösler,Die Linke
1571,Simone Oldenburg,Die Linke
1572,Dr. Gunter Jess,AfD
1573,Jens-Holger Schneider,AfD
1574,Thomas de Jesus Fernandes,AfD
1575,Prof. Dr. Ralph Weber,AfD
1576,Karsten Kolbe,Die Linke
1577,Henning Foerster,Die Linke
1578,Dr. Mignon Schwenke,Die Linke
1579,Horst Förster,AfD
1580,Dr. Matthias Manthei,AfD
1581,Eva-Maria Kröger,Die Linke
1582,Holger Arppe,AfD
1583,Ralf Borschke,AfD
1584,Peter Ritter,Die Linke
1585,Karen Larisch,Die Linke
1586,Bernhard Wildt,AfD
1587,Christoph Grimm,AfD
1588,Dirk Lerche,AfD
1589,Dr. Wolfgang Weiß,Die Linke
1590,Sandro Hersel,AfD
1591,Bert Obereiner,AfD
1592,Jürgen Strohschein,AfD
1593,Beate Schlupp,CDU
1594,Leif-Erik Holm,AfD
1595,Enrico Komning,AfD
1596,Helmut Holter,Die Linke
1597,Egbert Liskow,CDU
1598,Björn Försterling,FDP
1599,Ulf Thiele,CDU
1600,Jörg Bode,FDP
1601,Martin Bäumer,CDU
1602,Almuth von Below-Neufeldt,FDP
1603,Frank Oesterhelweg,CDU
1604,Hans-Heinrich Ehlen,CDU
1605,Otto Deppmeyer,CDU
1606,Dr. Hans-Joachim Deneke-Jöhrens,CDU
1607,Christian Calderone,CDU
1608,Helmut Dammann-Tamke,CDU
1609,Dr. Stefan Birkner,FDP
1610,Dr. Marco Genthe,FDP
1611,Dr. Gero Hocker,FDP
1612,Jan-Christoph Oetjen,FDP
1613,Hermann Grupe,FDP
1614,Grant Hendrik Tonne,SPD
1615,Annette Schwarz,CDU
1616,Gudrun Pieper,CDU
1617,Petra Joumaah,CDU
1618,Burkhard Jasper,CDU
1619,Volker Meyer,CDU
1620,Dr. Max Matthiesen,CDU
1621,Reinhold Hilbers,CDU
1622,Björn Thümler,CDU
1623,Horst Kortlang,FDP
1624,Hillgriet Eilers,FDP
1625,Gabriela König,FDP
1626,Christian Grascha,FDP
1627,Sabine Tippelt,SPD
1628,Uwe Schünemann,CDU
1629,Jörg Hillmer,CDU
1630,Kai Seefried,CDU
1631,Angelika Jahns,CDU
1632,Thomas Adasch,CDU
1633,Editha Lorberg,CDU
1634,Horst Schiesgeries,CDU
1635,Dr. Stephan Siemer,CDU
1636,Lutz Winkelmann,CDU
1637,Andrea Schröder-Ehlers,SPD
1638,Kathrin Wahlmann,SPD
1639,Marco Brunotte,SPD
1640,Gerd Ludwig Will,SPD
1641,Ronald Schminke,SPD
1642,Matthias Möhle,SPD
1643,Petra Emmerich-Kopatsch,SPD
1644,Renate Geuter,SPD
1645,Dr. Gabriele Andretta,SPD
1646,Anette Meyer zu Strohen,CDU
1647,Axel Miesner,CDU
1648,Ingrid Klopp,CDU
1649,André Bock,CDU
1650,Ernst-Ingolf Angermann,CDU
1651,Rainer Fredermann,CDU
1652,Sylvia Bruns,FDP
1653,Christian Dürr,FDP
1654,Karl-Heinz Bley,CDU
1655,Dirk Toepffer,CDU
1656,Astrid Vockert,CDU
1657,Volker Bajus,Bündnis 90/Die Grünen
1658,Miriam Staudte,Bündnis 90/Die Grünen
1659,Elke Twesten,Bündnis 90/Die Grünen
1660,Bernd-Carsten Hiebing,CDU
1661,Karsten Heineking,CDU
1662,Regina Asendorf,Bündnis 90/Die Grünen
1663,Ottmar von Holtz,Bündnis 90/Die Grünen
1664,Belit Onay,Bündnis 90/Die Grünen
1665,Filiz Polat,Bündnis 90/Die Grünen
1666,Meta Janssen-Kucz,Bündnis 90/Die Grünen
1667,Helge Limburg,Bündnis 90/Die Grünen
1668,Julia Willie Hamburg,Bündnis 90/Die Grünen
1669,Johann-Heinrich Ahlers,CDU
1670,Jens Nacke,CDU
1671,Maximilian Schmidt,SPD
1672,Heinrich Scholing,Bündnis 90/Die Grünen
1673,Sebastian Lechner,CDU
1674,Heiner Schönecke,CDU
1675,Thomas Schremmer,Bündnis 90/Die Grünen
1676,Maaret Westphely,Bündnis 90/Die Grünen
1677,Dr. Thela Wernstedt,SPD
1678,Dr. Christos Pantazis,SPD
1679,Immacolata Glosemeyer,SPD
1680,Holger Ansmann,SPD
1681,Uwe Schwarz,SPD
1682,Rudolf Götz,CDU
1683,Mechthild Ross-Luttmann,CDU
1684,Karl-Heinz Klare,CDU
1685,Adrian Mohr,CDU
1686,Gerda Hövel,CDU
1687,Susanne Menge,Bündnis 90/Die Grünen
1688,Hans-Joachim Janßen,Bündnis 90/Die Grünen
1689,Heinz Rolfes,CDU
1690,Heidemarie Mundlos,CDU
1691,Gabriela Kohlenberg,CDU
1692,Clemens Lammerskitten,CDU
1693,Klaus Krumfuß,CDU
1694,Lothar Koch,CDU
1695,Clemens Große Macke,CDU
1696,Ansgar-Bernhard Focke,CDU
1697,Bernd Busemann,CDU
1698,Karin Bertholdes-Sandrock,CDU
1699,Christos Pantazis,SPD
1700,Ulf Prange,SPD
1701,Michael Höntsch,SPD
1702,Stefan Klein,SPD
1703,Marcus Bosse,SPD
1704,Hans-Dieter Haase,SPD
1705,Axel Brammer,SPD
1706,Johanne Modder,SPD
1707,Markus Brinkmann,SPD
1708,Bernd Lynack,SPD
1709,Dr. Alexander Saipa,SPD
1710,Karin Logemann,SPD
1711,Petra Tiemann,SPD
1712,Karsten Becker,SPD
1713,Luzia Moldenhauer,SPD
1714,Sigrid Rakow,SPD
1715,Wiard Siebels,SPD
1716,Uwe Santjer,SPD
1717,Detlef Tanke,SPD
1718,Christoph Bratmann,SPD
1719,Klaus-Peter Bachmann,SPD
1720,Holger Heymann,SPD
1721,Frank Henning,SPD
1722,Mustafa Erkan,SPD
1723,Dr. Silke Lesemann,SPD
1724,Stefan Politze,SPD
1725,Doris Schröder-Köpf,SPD
1726,Ulrich Watermann,SPD
1727,Gerald Heere,Bündnis 90/Die Grünen
1728,Uwe Strümpel,SPD
1729,Anja Piel,Bündnis 90/Die Grünen
1730,Luiza Moldenhauer,SPD
1731,Karl Heinz Hausmann,SPD
1732,BurkhardJasper,CDU
1733,Claus Peter Poppe,SPD
1734,Aygül Özkan,CDU
1735,Ina Korter,Bündnis 90/Die Grünen
1736,Norbert Böhlke,CDU
1737,Stefan Henze,AfD
1738,Stephan Bothe,AfD
1739,Christian Meyer,Bündnis 90/Die Grünen
1740,Susanne Menge,Bündnis 90/Die Grünen
1741,Eva Viehoff,Bündnis 90/Die Grünen
1742,Imke Byl,Bündnis 90/Die Grünen
1743,Julia Willie Hamburg,Bündnis 90/Die Grünen
1744,Thomas Brüninghoff,FDP
1745,Jörg Bode,FDP
1746,Christian Grascha,FDP
1747,Dr. Marco Genthe,FDP
1748,Susanne Victoria Schütz,FDP
1749,Stefan Wirtz,AfD
1750,Björn Försterling,FDP
1751,Dr. Stefan Birkner,FDP
1752,Hermann Grupe,FDP
1753,Volker Bajus,Bündnis 90/Die Grünen
1754,Detlev Schulz-Hendel,Bündnis 90/Die Grünen
1755,Meta Janssen-Kucz,Bündnis 90/Die Grünen
1756,Heiner Schönecke,CDU
1757,Helmut Dammann-Tamke,CDU
1758,André Bock,CDU
1759,Dana Guth,AfD
1760,Sylvia Bruns,FDP
1761,Hillgriet Eilers,FDP
1762,Harm Rykena,AfD
1763,Horst Kortlang,FDP
1764,Dragos Pancescu,Bündnis 90/Die Grünen
1765,Miriam Staudte,Bündnis 90/Die Grünen
1766,Jens Ahrends,AfD
1767,Christopher Emden,AfD
1768,Peer Lilienthal,AfD
1769,Helge Limburg,Bündnis 90/Die Grünen
1770,Christoph Plett,CDU
1771,Martin Bäumer,CDU
1772,Stefan Wenzel,Bündnis 90/Die Grünen
1773,Anja Piel,Bündnis 90/Die Grünen
1774,Jörg Hillmer,CDU
1775,Rainer Fredermann,CDU
1776,Gerda Hövel,CDU
1777,Jörn Schepelmann,CDU
1778,Karl-Heinz Bley,CDU
1779,Bernd-Carsten Hiebing,CDU
1780,Christian Fühner,CDU
1781,Bernd Busemann,CDU
1782,Björn Thümler,CDU
1783,Sebastian Lechner,CDU
1784,Dr. Stephan Siemer,CDU
1785,Christoph Eilers,CDU
1786,Christian Calderone,CDU
1787,Deniz Kurku,SPD
1788,Dr. Esther Niewerth-Baumann,CDU
1789,Belit Onay,Bündnis 90/Die Grünen
1790,Ulf Thiele,CDU
1791,Jens Nacke,CDU
1792,Klaus Wichmann,AfD
1793,Hanna Judith Naber,SPD
1794,Oliver Lottke,SPD
1795,Immacolata Glosemeyer,SPD
1796,Holger Ansmann,SPD
1797,Dr. Thela Wernstedt,SPD
1798,Uwe Schwarz,SPD
1799,Burkhard Jasper,CDU
1800,Dr. Frank Schmädeke,CDU
1801,Laura Hopmann,CDU
1802,Frank Oesterhelweg,CDU
1803,Axel Miesner,CDU
1804,Uwe Dorendorf,CDU
1805,Karsten Becker,SPD
1806,Dirk Adomat,SPD
1807,Andrea Schröder-Ehlers,SPD
1808,Jan-Christoph Oetjen,FDP
1809,Volker Senftleben,SPD
1810,Guido Pott,SPD
1811,Dr. Dörte Liebetruth,SPD
1812,Gerd Hans Hujahn,SPD
1813,Axel Brammer,SPD
1814,Marcus Bosse,SPD
1815,Lasse Weritz,CDU
1816,Dr. Karl-Ludwig von Danwitz,CDU
1817,Clemens Lammerskitten,CDU
1818,Mareike Wulf,CDU
1819,Anette Meyer zu Strohen,CDU
1820,Sabine Tippelt,SPD
1821,Markus Brinkmann,SPD
1822,Laura Rebuschat,CDU
1823,Jörn Uwe Domeier,SPD
1824,Annette Schütze,SPD
1825,Veronika Koch,CDU
1826,Oliver Schatta,CDU
1827,Thomas Ehbrecht,CDU
1828,Dr. Christos Pantazis,SPD
1829,Dr. Silke Lesemann,SPD
1830,Matthias Möhle,SPD
1831,Dr. Alexander Saipa,SPD
1832,Kai Seefried,CDU
1833,Alptekin Kirci,SPD
1834,Claudia Schüßler,SPD
1835,Gudrun Pieper,CDU
1836,Stefan Politze,SPD
1837,Dr. Marco Mohrmann,CDU
1838,Rüdiger Kauroff,SPD
1839,Frauke Heiligenstadt,SPD
1840,Thordies Hanisch,SPD
1841,Petra Emmerich-Kopatsch,SPD
1842,Jochen Beekhuis,SPD
1843,Matthias Arends,SPD
1844,Stefan Klein,SPD
1845,Karin Logemann,SPD
1846,Frank Henning,SPD
1847,Uwe Santjer,SPD
1848,Ulrich Watermann,SPD
1849,Gregor Golland,CDU
1850,Frank Herrmann,Piraten
1851,Susanne Schneider,FDP
1852,Hendrik Wüst,CDU
1853,Ingola Schmitz,FDP
1854,Ingola Stefanie Schmitz,FDP
1855,Marc Lürbke,FDP
1856,Ralf Witzel,FDP
1857,Dirk Wedel,FDP
1858,Dr. Joachim Stamp,FDP
1859,Andreas Terhaag,FDP
1860,Dr. Björn Kerbein,FDP
1861,Dietmar Brockes,FDP
1862,Karlheinz Busen,FDP
1863,Ulrich Alda,FDP
1864,Ernst-Ulrich Alda,FDP
1865,Holger Ellerbrock,FDP
1866,Dr. Ingo Wolf,FDP
1867,Christof Rasche,FDP
1868,Theo Kruse,CDU
1869,Robert Stein,Piraten
1870,Rolf Seel,CDU
1871,Werner Lohn,CDU
1872,Gerd Stüttgen,fraktionslos
1873,Andre Kuper,CDU
1874,Henning Höne,FDP
1875,Hanns-Jörg Rohwedder,Piraten
1876,Rainer Deppe,CDU
1877,Josef Rickfelder,CDU
1878,Yvonne Gebauer,FDP
1879,Jens Kamieth,CDU
1880,Marcel Hafke,FDP
1881,Ursula Doppmeier,CDU
1882,Angela Freimuth,FDP
1883,Dr. Marcus Optendrenk,CDU
1884,Christian Möbius,CDU
1885,Petra Vogt,CDU
1886,Christina Schulze Föcking,CDU
1887,Kirstin Korte,CDU
1888,Andrea Milz,CDU
1889,Daniel Schwerd,Piraten
1890,Matthias Kerkhoff,CDU
1891,Peter Biesenbach,CDU
1892,Thorsten Schick,CDU
1893,Jens Nettekoven,CDU
1894,Jens-Peter Nettekoven,CDU
1895,Lothar Hegemann,CDU
1896,Josef Hovenjürgen,CDU
1897,Eckhard Uhlenberg,CDU
1898,Holger Müller,CDU
1899,Claudia Middendorf,CDU
1900,Oskar Burkert,CDU
1901,Micheal-Ezzo Solf,CDU
1902,Ilka von Boeselager,CDU
1903,Ilka Freifrau von Boeselager,CDU
1904,Ulla Thönnissen,CDU
1905,Armin Laschet,CDU
1906,Dr. Stefan Berger,CDU
1907,Prof. Dr. Dr. Thomas Sternberg,CDU
1908,Heiko Hendriks,CDU
1909,Bernhard Schemmer,CDU
1910,Bernhard Tenhumberg,CDU
1911,Bernd Krückel,CDU
1912,Dr. Gerd Hachen,CDU
1913,Rita Klöpper,CDU
1914,Axel Wirtz,CDU
1915,Hendrik Schmitz,CDU
1916,Ralf Nettelstroth,CDU
1917,Winfried Schittges,CDU
1918,Ina Scharrenbach,CDU
1919,Christian Haardt,CDU
1920,Arne Moritz,CDU
1921,Reiner Spiecker,CDU
1922,Rainer Spiecker,CDU
1923,Werner Jostmeier,CDU
1924,Hubertus Fehring,CDU
1925,Peter Preuß,CDU
1926,Wilhelm Hausmann,CDU
1927,Klaus Voussem,CDU
1928,Daniel Sieveke,CDU
1929,Lutz Lienenkämper,CDU
1930,Klaus Kaiser,CDU
1931,Dr. Anette Bunse,CDU
1932,Regina van Dinther,CDU
1933,Serap Güler,CDU
1934,Norbert Post,CDU
1935,Dr. Günther Baumann,CDU
1936,Margret Voßeler,CDU
1937,Dr. Günther Bergmann,CDU
1938,Walter Kern,CDU
1939,Josef Wirtz,CDU
1940,Marie-Luise Fasse,CDU
1941,Henning Rehbaum,CDU
1942,Astrid Birkhahn,CDU
1943,Michele Marsching,Piraten
1944,Thomas Nückel,FDP
1945,Daniel Düngel,Piraten
1946,Torsten Sommer,Piraten
1947,Birgit Rydlewski,Piraten
1948,Ralph Bombis,FDP
1949,Michael-Ezzo Solf,CDU
1950,Dirk Schatz,Piraten
1951,Dik Wedel,FDP
1952,Dirk Wesel,FDP
1953,Dr. Günther J. Bergmann,CDU
1954,Wilfried Grunendahl,CDU
1955,Simone Brand,Piraten
1956,Christoph Rasche,FDP
1957,Lukas Lamla,Piraten
1958,Marc Olejak,Piraten
1959,Lukas Markus Lamla,Piraten
1960,Monika Pieper,Piraten
1961,Olaf Wegner,Piraten
1962,Oliver Bayer,Piraten
1963,Dr. Joachim Paul,Piraten
1964,Dietmar Schulz,Piraten
1965,Ralf Witze!,FDP
1966,Kristin Korte,CDU
1967,Winfried Grunendahl,CDU
1968,Dr. Günter J. Bergmann,CDU
1969,Mark Lürbke,FDP
1970,Nicolaus Kern,Piraten
1971,Stefan Fricke,Piraten
1972,Ingo Schmitz,FDP
1973,Dr. Wilhelm Droste,CDU
1974,Karl-Heinz Busen,FDP
1975,Friedhelm Ortgies,CDU
1976,Kai Abruszat,FDP
1977,Thomas Kufen,CDU
1978,Volker Jung,CDU
1979,Dr. Gerhard Papke,FDP
1980,Kai Schmalenbach,Piraten
1981,Dr. Robert Orth,FDP
1982,Dr. Dennis Maelzer,SPD
1983,Christian Lindner,FDP
1984,Manuela Grochowiak-Schmieding,Bündnis 90/Die Grünen
1985,Karl-Josef Laumann,CDU
1986,Oliver Wittke,CDU
1987,Daniela Schneckenburger,Bündnis 90/Die Grünen
1988,Günter Garbrecht,SPD
1989,Andrea Ursula Asch,Bündnis 90/Die Grünen
1990,Wibke Brems,Bündnis 90/Die Grünen
1991,Inge Howe,SPD
1992,Verena Schäffer,Bündnis 90/Die Grünen
1993,Wibke Brems,Bündnis 90/Die Grünen
1994,Arndt Klocke,Bündnis 90/Die Grünen
1995,Matthi Bolte-Richter,Bündnis 90/Die Grünen
1996,Dr. Dennis Maelzer,SPD
1997,René Schneider,SPD
1998,Angela Lück,SPD
1999,Jochen Ott,SPD
2000,Eva-Maria Voigt-Küppers,SPD
2001,Dr. Christian Blex,AfD
2002,Markus Wagner,AfD
2003,Thomas Röckemann,AfD
2004,Alexander Vogt,SPD
2005,Ernst-Wilhelm Rahe,SPD
2006,Dr. Nadja Büteführ,SPD
2007,Ina Spanier-Oppermann,SPD
2008,Susana dos Santos Herrmann,SPD
2009,Carsten Löcker,SPD
2010,Stefan Kämmerling,SPD
2011,Sigrid Beer,Bündnis 90/Die Grünen
2012,Stefan Zimkeit,SPD
2013,Alexander Langguth,AfD
2014,Frank Sundermann,SPD
2015,Norwich Rüße,Bündnis 90/Die Grünen
2016,Andreas Keith,AfD
2017,Michael Hübner,SPD
2018,Michael R. Hübner,SPD
2019,Frank Neppe,AfD
2020,Nic Peter Vogel,AfD
2021,Serdar Yüksel,SPD
2022,Karsten Rudolph,SPD
2023,Prof. Dr. Karsten Rudolph,SPD
2024,Carina Gödecke,SPD
2025,Inge Blask,SPD
2026,Gabriele Hammelrath,SPD
2027,Dietmar Bell,SPD
2028,Marcus Pretzell,AfD
2029,Britta Altenkamp,SPD
2030,Frank Müller,SPD
2031,Iris Dworeck-Danielowski,AfD
2032,Gabriele Walger-Demolsky,AfD
2033,Christian Loose,AfD
2034,Lisa-Kristin Kapteinat,SPD
2035,Lisa Kapteinat,SPD
2036,Roger Beckamp,AfD
2037,Andreas Bialas,SPD
2038,Josefine Paul,Bündnis 90/Die Grünen
2039,Horst Becker,Bündnis 90/Die Grünen
2040,Ibrahim Yetim,SPD
2041,Rainer Bischoff,SPD
2042,Frank Börner,SPD
2043,Ralf Jäger,SPD
2044,Sarah Philipp,SPD
2045,Sebastian Watermeier,SPD
2046,Helmut Seifen,AfD
2047,Sven W. Tritschler,AfD
2048,Herbert Strotebeck,AfD
2049,Dr. Martin Vincentz,AfD
2050,Johannes Remmel,Bündnis 90/Die Grünen
2051,Anja Butschkau,SPD
2052,Verena Schäffer,Bündnis 90/Die Grünen
2053,Rainer Schmelzer,SPD
2054,Rainer Schmeltzer,SPD
2055,Gordan Dudas,SPD
2056,Karl Schultheis,SPD
2057,Stefan Engstfeld BÜNDNIS 90/DIE,Bündnis 90/Die Grünen
2058,Stefan Engstfeld,Bündnis 90/Die Grünen
2059,Monika Düker,Bündnis 90/Die Grünen
2060,Mehrdad Mostofizadeh,Bündnis 90/Die Grünen
2061,Andreas Becker,SPD
2062,Heike Gebhard,SPD
2063,Markus Herbert Weske,SPD
2064,Elisabeth Müller-Witt,SPD
2065,Christina Kampmann,SPD
2066,Sonja Bongers,SPD
2067,Ellen Stock,SPD
2068,Jürgen Berghahn,SPD
2069,Hans-Willi Körfges,SPD
2070,Nadja Lüders,SPD
2071,Volkan Baran,SPD
2072,Armin Jahl,SPD
2073,Christian Dahm,SPD
2074,André Stinka,SPD
2075,Sven Wolf,SPD
2076,Andreas Kossiski,SPD
2077,Martin Börschel,SPD
2078,Hubertus Kramer,SPD
2079,Wolfgang Jörg,SPD
2080,Thomas Kutschaty,SPD
2081,Hannelore Kraft,SPD
2082,Marlies Stotz,SPD
2083,Thomas Göddertz,SPD
2084,Prof. Dr. Rainer Bovermann,SPD
2085,Christina Weng,SPD
2086,Annette Watermann-Krass,SPD
2087,Eva Lux,SPD
2088,Regina Kopp-Herr,SPD
2089,Christiana Kampmann,SPD
2090,Georg Fortmeier,SPD
2091,Josef Neumann,SPD
2092,Norbert Römer,SPD
2093,Rüdiger Weiß,SPD
2094,Berivan Aymaz,Bündnis 90/Die Grünen
2095,Hartmut Ganzke,SPD
2096,Dr. Denn Maelzer,SPD
2097,Christian Kampmann,SPD
2098,Jusef Neumann,SPD
2099,Markus Weske,SPD
2100,Oliver Keymis BÜNDNIS 90/DIE,Bündnis 90/Die Grünen
2101,Sonja Bongers MdL,SPD
2102,Marc Herter,SPD
2103,Guido van den Berg,SPD
2104,Kossiski,SPD
2105,Elisabeth Müller-Will,SPD
2106,Exa Lux,SPD
2107,Oliver Keymis,Bündnis 90/Die Grünen
2108,Volker Baran,SPD
2109,Monika Düker BÜNDNIS 90/DIE,Bündnis 90/Die Grünen
2110,Markus Pretzell,fraktionslos
2111,Eva-Marie Voigt-Küppers,SPD
2112,Michael Ralf Hübner,SPD
2113,Anrdt Klocke,Bündnis 90/Die Grünen
2114,Karl Schutheis,SPD
2115,Barbara Steffens,Bündnis 90/Die Grünen
2116,Svenja Schulze,SPD
2117,Neppe,fraktionslos
2118,Helmut Ganzke,SPD
2119,Christian Löcker,SPD
2120,Beriva Aymaz,Bündnis 90/Die Grünen
2121,Michael Hübner SPD,Bündnis 90/Die Grünen
2122,Sarah Phillip,SPD
2123,Sarah Philip,SPD
2124,Armin Jahr,SPD
2125,Sven Werner Tritschler,AfD
2126,Matthias Lammert,CDU
2127,Marcus Klein,CDU
2128,Arnold Schmitt,CDU
2129,Christian Baldauf,CDU
2130,Barbara Schleicher-Rothmund,SPD
2131,Michael Wäschenbach,CDU
2132,Dr. Susanne Ganster,CDU
2133,Gerd Schreiner,CDU
2134,Josef Dötsch,CDU
2135,Guido Ernst,CDU
2136,Dr. Fred Konrad,Bündnis 90/Die Grünen
2137,Anne Spiegel,Bündnis 90/Die Grünen
2138,Dr. Peter Enders,CDU
2139,Hans-Josef Bracht,CDU
2140,Dr. Axel Wilke,CDU
2141,Julia Klöckner,CDU
2142,Adolf Kessel,CDU
2143,Brigitte Hayn,CDU
2144,Marlies Kohnle-Gros,CDU
2145,Nico Steinbach,SPD
2146,Bernhard Henter,CDU
2147,Andreas Biebricher,CDU
2148,Dr. Bernhard Braun,Bündnis 90/Die Grünen
2149,Ellen Demuth,CDU
2150,Bettina Dickes,CDU
2151,Wolfgang Schlagwein,Bündnis 90/Die Grünen
2152,Thomas Wansch,SPD
2153,Daniel Schäffner,SPD
2154,Dr. Denis Alt,SPD
2155,Fritz Presl,SPD
2156,Ruth Leppla,SPD
2157,Manfred Geis,SPD
2158,Nils Wiechmann,Bündnis 90/Die Grünen
2159,Pia Schellhammer,Bündnis 90/Die Grünen
2160,Daniel Köbler,Bündnis 90/Die Grünen
2161,Martin Brandl,CDU
2162,Gabriele Wieland,CDU
2163,Dorothea Schäfer,CDU
2164,Wolfgang Reichel,CDU
2165,Alexander Fuhr,SPD
2166,Kathrin Anklam-Trapp,SPD
2167,Ruth Ratter,Bündnis 90/Die Grünen
2168,Jutta Blatzheim-Roegler,Bündnis 90/Die Grünen
2169,Elisabeth Bröskamp,Bündnis 90/Die Grünen
2170,Michael Hüttner,SPD
2171,Fredi Winter,SPD
2172,Alexander Licht,CDU
2173,Gunther Heinisch,Bündnis 90/Die Grünen
2174,Andreas Hartenfels,Bündnis 90/Die Grünen
2175,Anke Beilstein,CDU
2176,Dietmar Johnen,Bündnis 90/Die Grünen
2177,Simone Huth-Haage,CDU
2178,Martin Haller,SPD
2179,Astrid Schmitt,SPD
2180,Anke Simon,SPD
2181,Anke Diane Simon,SPD
2182,Heiko Sippel,SPD
2183,Thorsten Wehner,SPD
2184,Bettina Brück,SPD
2185,Johannes Klomann,SPD
2186,Elfriede Meurer,CDU
2187,Christine Schneider,CDU
2188,Horst Gies,CDU
2189,Thomas Günther,CDU
2190,Nicole Besic-Molzberger,Bündnis 90/Die Grünen
2191,Ralf Seekatz,CDU
2192,Hedi Thelen,CDU
2193,Marion Schneid,CDU
2194,Dr. Dr. Rahim Schmidt,Bündnis 90/Die Grünen
2195,Ingeborg Sahler-Fesel,SPD
2196,Benedikt Oster,SPD
2197,Hans Jürgen Noss,SPD
2198,Wolfgang Schwarz,SPD
2199,Heike Scharfenberger,SPD
2200,Johannes Zehfuß,CDU
2201,Dr. Norbert Mittrücker,CDU
2202,Thomas Weiner,CDU
2203,Jens Guth,SPD
2204,Petra Elsner,SPD
2205,Anna Neuhof,Bündnis 90/Die Grünen
2206,Alexander Schweitzer,SPD
2207,Katharina Raue,Bündnis 90/Die Grünen
2208,Heinz-Hermann Schnabel,CDU
2209,Walter Feiniler,SPD
2210,Michael Billen,CDU
2211,Stephanie Nabinger,Bündnis 90/Die Grünen
2212,Dr. Tanja Machalet,SPD
2213,Jaqueline Rauschkolb,SPD
2214,Bernhard Kukatzki,SPD
2215,Marcel Hürter,SPD
2216,Dieter Klöckner,SPD
2217,Jörg Denninghoff,SPD
2218,Dr. Adolf Weiland,CDU
2219,Ulla Brede-Hoffmann,SPD
2220,Carsten Pörksen,SPD
2221,Nicole Molzberger,Bündnis 90/Die Grünen
2222,Ulrich Steinbach,Bündnis 90/Die Grünen
2223,Hannelore Klamm,SPD
2224,Marc Ruland,SPD
2225,Friederike Ebli,SPD
2226,Günther Ramsauer,SPD
2227,Monika Fink,SPD
2228,Nicole Müller-Orth,Bündnis 90/Die Grünen
2229,Herbert Schneiders,CDU
2230,Peter Wilhelm Dröscher,SPD
2231,Margit Mohr,SPD
2232,Frank Puchtler,SPD
2233,Doris Ahnen,SPD
2234,Malu Dreyer,SPD
2235,Susanne Ganster,CDU
2236,Dr. Josef Rosenbauer,CDU
2237,Joachim Paul,AfD
2238,Michael Frisch,AfD
2239,Matthias Joa,AfD
2240,Uwe Junge,AfD
2241,Matthias Lammert,CDU
2242,Pia Schellhammer,Bündnis 90/Die Grünen
2243,Andreas Rahm,SPD
2244,Alexander Fuhr,SPD
2245,Damian Lohr,AfD
2246,Gabriele Wieland,CDU
2247,Christian Baldauf,CDU
2248,Jutta Blatzheim-Roegler,Bündnis 90/Die Grünen
2249,Heijo Höfer,SPD
2250,Jörg Denninghoff,SPD
2251,Daniel Schäffner,SPD
2252,Dr. Timo Böhme,AfD
2253,Gerd Schreiner,CDU
2254,Nina Klinkel,SPD
2255,Jens Guth,SPD
2256,Andreas Hartenfels,Bündnis 90/Die Grünen
2257,Dr. Susanne Ganster,CDU
2258,Dr. Jan Bollinger,AfD
2259,Daniel Köbler,Bündnis 90/Die Grünen
2260,Ellen Demuth,CDU
2261,Ralf Seekatz,CDU
2262,Dr. Peter Enders,CDU
2263,Iris Nieland,AfD
2264,Barbara Schleicher-Rothmund,SPD
2265,Michael Wäschenbach,CDU
2266,Hans-Josef Bracht,CDU
2267,Martin Louis Schmidt,AfD
2268,Marion Schneid,CDU
2269,Dirk Herber,CDU
2270,Dr. Sylvia Groß,AfD
2271,Sven Teuber,SPD
2272,Julia Klöckner,CDU
2273,Dr. Christoph Gensch,CDU
2274,Heribert Friedmann,AfD
2275,Anke Beilstein,CDU
2276,Martin Brandl,CDU
2277,Dorothea Schäfer,CDU
2278,Helga Lerch,FDP
2279,Marco Weber,FDP
2280,Giorgina Kazungu-Haß,SPD
2281,Bettina Brück,SPD
2282,Marlies Kohnle-Gros,CDU
2283,Michael Billen,CDU
2284,Johannes Klomann,SPD
2285,Alexander Licht,CDU
2286,Dr. Adolf Weiland,CDU
2287,Jaqueline Rauschkolb,SPD
2288,Horst Gies,CDU
2289,Thomas Weiner,CDU
2290,Gordon Schnieder,CDU
2291,Reinhard Oelbermann,CDU
2292,Christine Schneider,CDU
2293,Bernhard Henter,CDU
2294,Gabriele Bublies-Leifert,AfD
2295,Arnold Schmitt,CDU
2296,Marc Ruland,SPD
2297,Dr. Anna Köbberling,SPD
2298,Guido Ernst,CDU
2299,Nico Steinbach,SPD
2300,Dr. Denis Alt,SPD
2301,Adolf Kessel,CDU
2302,Jürgen Klein,AfD
2303,Steven Wink,FDP
2304,Astrid Schmitt,SPD
2305,Jens Ahnemüller,AfD
2306,Dr. Bernhard Braun,Bündnis 90/Die Grünen
2307,Wolfgang Schwarz,SPD
2308,Hedi Thelen,CDU
2309,Josef Dötsch,CDU
2310,Heiko Sippel,SPD
2311,Dr. Tanja Machalet,SPD
2312,Kathrin Anklam-Trapp,SPD
2313,Simone Huth-Haage,CDU
2314,Benedikt Oster,SPD
2315,Ingeborg Sahler-Fesel,SPD
2316,Cornelia Willius-Senzer,FDP
2317,Johannes Zehfuß,CDU
2318,Manfred Geis,SPD
2319,Elfriede Meurer,CDU
2320,Fredi Winter,SPD
2321,Alexander Schweitzer,SPD
2322,Martin Haller,SPD
2323,Eveline Lemke,Bündnis 90/Die Grünen
2324,Hans Jürgen Noss,SPD
2325,Michael Neyses,Bündnis 90/Die Grünen
2326,Barbara Spaniol,Die Linke
2327,Hubert Ulrich,Bündnis 90/Die Grünen
2328,Christoph Kühn,FDP
2329,Dr. Magnus Jung,SPD
2330,Anke Rehlinger,SPD
2331,Isolde Ries,SPD
2332,Wolfgang Schumacher,Die Linke
2333,Lothar Schnitzler,Die Linke
2334,Ralf Georgi,Die Linke
2335,Gisela Kolb,SPD
2336,Heike Kugler,Die Linke
2337,Heiko Maas,SPD
2338,Birgit Huonker,Die Linke
2339,Astrid Schramm,Die Linke
2340,Rolf Linsler,Die Linke
2341,Prof. Dr. Heinz Bierbaum,Die Linke
2342,Günter Waluga,SPD
2343,Elke Eder-Hippler,SPD
2344,Ulrich Commerçon,SPD
2345,Dagmar Ensch-Engel,Die Linke
2346,Reinhold Jost,SPD
2347,Cornelia Hoffmann-Bethscheider,SPD
2348,Silke Biendel,SPD
2349,Arnold Schmitt,CDU
2350,Stefan Pauluhn,SPD
2351,Hermann Scharf,CDU
2352,Eugen Roth,SPD
2353,Dr. Christoph Hartmann,FDP
2354,Dieter Burgard,SPD
2355,Karl-Josef Jochem,FDP
2356,Hubert Ulrich,Bündnis 90/Die Grünen
2357,Jasmin Freigang,Piraten
2358,Klaus Kessler,Bündnis 90/Die Grünen
2359,Dagmar Ensch-Engel,Die Linke
2360,Birgit Huonker,Die Linke
2361,Heike Kugler,Die Linke
2362,Barbara Spaniol,Die Linke
2363,Andreas Augustin,Piraten
2364,Michael Neyses,Piraten
2365,Prof. Dr. Heinz Bierbaum,Die Linke
2366,Ralf Georgi,Die Linke
2367,Astrid Schramm,Die Linke
2368,Michael Hilberer,Piraten
2369,Jasmin Maurer,Piraten
2370,Isolde Ries,SPD
2371,Günter Heinrich,CDU
2372,Stephanie Nabinger,Bündnis 90/Die Grünen
2373,Prof. Dr. Bierbaum,Die Linke
2374,Oskar Lafontaine,Die Linke
2375,Dr. Simone Peter,Bündnis 90/Die Grünen
2376,Uwe Conradt,CDU
2377,Rolf Linsler,Die Linke
2378,Margriet Zieder-Ripplinger,SPD
2379,Roland Theis,CDU
2380,Dennis Lander,Die Linke
2381,Ralf Georgi,Die Linke
2382,Astrid Schramm,Die Linke
2383,Lutz Hecker,AfD
2384,Jochen Flackus,Die Linke
2385,Josef Dörr,AfD
2386,Barbara Spaniol,Die Linke
2387,Rudolf Müller,AfD
2388,Dagmar Ensch-Engel,Die Linke
2389,Isolde Ries,SPD
2390,Kerstin Köditz,Die Linke
2391,Enrico Stange,Die Linke
2392,Klaus Bartl,Die Linke
2393,Juliane Nagel,Die Linke
2394,Wolfram Günther,Bündnis 90/Die Grünen
2395,Holger Mann,SPD
2396,Valentin Lippmann,Bündnis 90/Die Grünen
2397,Dr. Jana Pinka,Die Linke
2398,Sebastian Wippel,AfD
2399,Carsten Hütter,AfD
2400,Volkmar Zschocke,Bündnis 90/Die Grünen
2401,Heiko Kosel,Die Linke
2402,Rolf Weigand,AfD
2403,Dr. Rolf Weigand,AfD
2404,Janina Pfau,Die Linke
2405,Marco Böhme,Die Linke
2406,Mirko Schultze,Die Linke
2407,André Barth,AfD
2408,Rico Gebhardt,Die Linke
2409,Katja Meier,Bündnis 90/Die Grünen
2410,Gunter Wild,AfD
2411,Susanne Schaper,Die Linke
2412,Jan Löffler,CDU
2413,Sarah Buddeberg,Die Linke
2414,Antje Feiks,Die Linke
2415,André Schollbach,Die Linke
2416,Franziska Schubert,Bündnis 90/Die Grünen
2417,Franz Sodann,Die Linke
2418,Dr. Kirsten Muster,AfD
2419,Petra Zais,Bündnis 90/Die Grünen
2420,Albrecht Pallas,SPD
2421,André Wendt,AfD
2422,Ines Saborowski,CDU
2423,Klaus Tischendorf,Die Linke
2424,Nico Brünler,Die Linke
2425,Dagmar Neukirch,SPD
2426,René Jalaß,Die Linke
2427,Karin Wilke,AfD
2428,Horst Wehner,Die Linke
2429,Uta-Verena Meiwald,Die Linke
2430,Cornelia Falken,Die Linke
2431,Silke Grimm,AfD
2432,Andrea Kersten,AfD
2433,Iris Raether-Lordieck,SPD
2434,Stephan Hösl,CDU
2435,Andreas Heinz,CDU
2436,Georg-Ludwig Breitenbuch,CDU
2437,Geert Mackenroth,CDU
2438,Ronald Pohle,CDU
2439,von Georg-Ludwig Breitenbuch,CDU
2440,Dr. Claudia Maicher,Bündnis 90/Die Grünen
2441,Dr. Gerd Lippold,Bündnis 90/Die Grünen
2442,Mario Beger,AfD
2443,Gerald Otto,CDU
2444,Marion Junge,Die Linke
2445,Frauke Petry fraktionslos,fraktionslos
2446,Dr. Frauke Petry,fraktionslos
2447,Frank Heidan,CDU
2448,Daniela Kuge,CDU
2449,Kerstin Lauterbach,Die Linke
2450,Uwe Wurlitzer,AfD
2451,Andreas Nowak,CDU
2452,Kathrin Kagelmann,Die Linke
2453,Ines Springer,CDU
2454,Luise Neuhaus-Wartenberg,Die Linke
2455,Juliane Pfeil-Zabel,SPD
2456,Dirk Panter,SPD
2457,Simone Lang,SPD
2458,Jörg Urban,AfD
2459,Volkmar Winkler,SPD
2460,Henning Homann,SPD
2461,Christian Hartmann,CDU
2462,Hanka Kliese,SPD
2463,Gunter Wild fraktionslos,fraktionslos
2464,Andrea Kersten fraktionslos,fraktionslos
2465,Ines Saborowski-Richter,CDU
2466,Kirsten Muster fraktionslos,fraktionslos
2467,Wolf-Dietrich Rost,CDU
2468,Anja Klotzbücher,Die Linke
2469,Detlev Spangenberg,AfD
2470,Lutz Richter,Die Linke
2471,Lothar Bienst,CDU
2472,Sven Liebhauser,CDU
2473,Falk Neubert,Die Linke
2474,Mario Pecher,SPD
2475,Alexander Krauß,CDU
2476,Sebastian Scheel,Die Linke
2477,Jörg Kiesewetter,CDU
2478,Matthias Rößler,CDU
2479,Dr. Matthias Rößler,CDU
2480,Marko Schiemann,CDU
2481,Jörg Vieweg,SPD
2482,Kirsten Muster,AfD
2483,Jana Pinka,Die Linke
2484,Claudia Maicher,Bündnis 90/Die Grünen
2485,Stephan Meyer,CDU
2486,Dr. Stephan Meyer,CDU
2487,Gerd Lippold,Bündnis 90/Die Grünen
2488,Svend-Gunnar Kirmes,CDU
2489,Aline Fiedler,CDU
2490,Annekatrin Klepsch,Die Linke
2491,Eva Jähnigen,Bündnis 90/Die Grünen
2492,Thomas Baum,SPD
2493,Peter Wilhelm Patt,CDU
2494,Oliver Wehner,CDU
2495,Kerstin Nicolaus,CDU
2496,Stefan Dreher,AfD
2497,Sabine Friedel,SPD
2498,Olaf Meister,Bündnis 90/Die Grünen
2499,Cornelia Lüddemann,Bündnis 90/Die Grünen
2500,Prof. Dr. Claudia Dalbert,Bündnis 90/Die Grünen
2501,Bernhard Bönisch,CDU
2502,Dorothea Frederking,Bündnis 90/Die Grünen
2503,Sebastian Striegel,Bündnis 90/Die Grünen
2504,Jürgen Scharf,CDU
2505,Dorothee Berthold,Bündnis 90/Die Grünen
2506,Sören Herbst,Bündnis 90/Die Grünen
2507,Wulf Gallert,Die Linke
2508,Daniel Sturm,CDU
2509,Harry Czeke,Die Linke
2510,Uwe Loos,Die Linke
2511,Rüdiger Erben,SPD
2512,Swen Knöchel,Die Linke
2513,Siegfried Borgwardt,CDU
2514,Ronald Mormann,SPD
2515,Jan Wagner,Die Linke
2516,Edwina Koch-Kupfer,Die Linke
2517,Hans-Jörg Krause,Die Linke
2518,Henriette Quade,Die Linke
2519,Matthias Höhn,Die Linke
2520,Frank Hoffmann,Die Linke
2521,Nadine Hampel,SPD
2522,Gudrun Tiedge,Die Linke
2523,Dagmar Zoschke,Die Linke
2524,Madeleine-Rita Mittendorf,SPD
2525,Eva von Angern,Die Linke
2526,Andreas Steppuhn,SPD
2527,Ralf Wunschinski,CDU
2528,Gerald Grünert,Die Linke
2529,Angela Gorr,CDU
2530,Matthias Graner,SPD
2531,Dr. Ronald Brachmann,SPD
2532,Dr. Helga Paschke,Die Linke
2533,Lars-Jörn Zimmer,CDU
2534,Hendrik Lange,Die Linke
2535,Stefan Gebhardt,Die Linke
2536,Verena Wicke-Scheil,Bündnis 90/Die Grünen
2537,Petra Grimm-Benne,SPD
2538,Thomas Leimbach,CDU
2539,Dr. Verena Späthe,SPD
2540,Monika Hohmann,Die Linke
2541,Dietmar Weihrich,Bündnis 90/Die Grünen
2542,Steffen Rosmeisl,CDU
2543,Dr. Frank Thiel,Die Linke
2544,Dr. Katja Pähle,SPD
2545,Franziska Latta,Bündnis 90/Die Grünen
2546,Thomas Keindorf,CDU
2547,Jürgen Weigelt,CDU
2548,Birke Bull,Die Linke
2549,Hans-Joachim Mewes,Die Linke
2550,Bianca Görke,Die Linke
2551,Wigbert Schwenke,CDU
2552,Markus Kurze,CDU
2553,Angelika Hunger,Die Linke
2554,Jens Kolze,CDU
2555,Ralf Bergmann,SPD
2556,Frank Bommersbach,CDU
2557,Eduard Jantos,CDU
2558,Eva Feußner,CDU
2559,André Lüderitz,Die Linke
2560,André Schröder,CDU
2561,Evelyn Edler,Die Linke
2562,Corinna Reinecke,SPD
2563,Silke Schindler,SPD
2564,Sabine Dirlich,Die Linke
2565,Krimhild Niestädt,SPD
2566,Jürgen Barth,SPD
2567,Guido Henke,Die Linke
2568,Dr. Angelika Klein,Die Linke
2569,Frank Scheurell,CDU
2570,Hardy Peter Güssau,CDU
2571,Holger Hövelmann,SPD
2572,Jürgen Stadelmann,CDU
2573,Thomas Felke,SPD
2574,Edeltraud Thiel-Rogée,Die Linke
2575,Ralf Geisthardt,CDU
2576,Bernhard Daldrup,CDU
2577,Christoph Erdmenger,Bündnis 90/Die Grünen
2578,Peter Rotter,CDU
2579,Dietmar Krause,CDU
2580,Arnd Czapek,CDU
2581,Kay Barthel,CDU
2582,Nicole Rotzsch,CDU
2583,Dr. Uwe-Volkmar Köck,Die Linke
2584,Nico Schulz,CDU
2585,Tilman Tögel,SPD
2586,Edeltraud Rogée,Die Linke
2587,Rüdiger Erben,SPD
2588,Daniel Roi,AfD
2589,Sebastian Striegel,Bündnis 90/Die Grünen
2590,Andreas Gehlmann,AfD
2591,Andreas Steppuhn,SPD
2592,Hannes Loth,AfD
2593,Volker Olenicak,AfD
2594,Henriette Quade,Die Linke
2595,Wolfgang Aldag,Bündnis 90/Die Grünen
2596,Dr. Hans-Thomas Tillschneider,AfD
2597,Olaf Meister,Bündnis 90/Die Grünen
2598,Daniel Wald,AfD
2599,Hagen Kohl,AfD
2600,Katja Bahlmann,Die Linke
2601,Kristin Heiß,Die Linke
2602,Matthias Lieschke,AfD
2603,Mario Lehmann,AfD
2604,Prof. Dr. Angela Kolb-Janssen,SPD
2605,Dr. Katja Pähle,SPD
2606,Swen Knöchel,Die Linke
2607,Cornelia Lüddemann,Bündnis 90/Die Grünen
2608,Stefan Gebhardt,Die Linke
2609,Oliver Kirchner,AfD
2610,Lydia Funke,AfD
2611,Kerstin Eisenreich,Die Linke
2612,Christina Buchheim,Die Linke
2613,Thomas Lippmann,Die Linke
2614,Eva von Angern,Die Linke
2615,Doreen Hildebrandt,Die Linke
2616,Guido Henke,Die Linke
2617,Jan Wenzel Schmidt,AfD
2618,Dorothea Frederking,Bündnis 90/Die Grünen
2619,Ulrich Siegmund,AfD
2620,Hendrik Lange,Die Linke
2621,Thomas Höse,AfD
2622,Marcus Spiegelberg,AfD
2623,Robert Farle,AfD
2624,Andreas Höppner,Die Linke
2625,Monika Hohmann,Die Linke
2626,Wulf Gallert,Die Linke
2627,Dagmar Zoschke,Die Linke
2628,Matthias Büttner,AfD
2629,Frank Bommersbach,CDU
2630,Sarah Sauermann,AfD
2631,Alexander,AfD
2632,Raue,AfD
2633,Silke Schindler,SPD
2634,Dr. Andreas Schmidt,SPD
2635,Daniel Rausch,AfD
2636,Dr. Verena Späthe,SPD
2637,Jürgen Barth,SPD
2638,Guido Heuer,CDU
2639,Ronald Mormann,SPD
2640,Uwe Harms,CDU
2641,Florian Philipp,CDU
2642,Bernhard Bönisch,CDU
2643,Frank Scheurell,CDU
2644,Dr. Falko Grube,SPD
2645,Jens Diederichs,AfD
2646,Thomas Keindorf,CDU
2647,André Poggenburg,AfD
2648,Bernhard Daldrup,CDU
2649,Lars-Jörn Zimmer,CDU
2650,Jens Kolze,CDU
2651,Dietmar Krause,CDU
2652,Holger Hövelmann,SPD
2653,Andreas Schumann,CDU
2654,Detlef Gürth,CDU
2655,Willi Mittelstädt,AfD
2656,Daniel Sturm,CDU
2657,Andreas Mrosek,AfD
2658,Chris Schulenburg,CDU
2659,Tobias Rausch,AfD
2660,Tobias Krull,CDU
2661,Gottfried Backhaus,AfD
2662,Daniel Szarata,CDU
2663,Ulrich Thomas,CDU
2664,Markus Kurze,CDU
2665,Matthias Höhn,Die Linke
2666,Birke Bull-Bischoff,Die Linke
2667,Eva Feußner,CDU
2668,Katrin Budde,SPD
2669,Dr.,SPD
2670,Grube,SPD
2671,Falko,SPD
2672,Birke Bull,Die Linke
2673,Ralf Geisthardt,CDU
2674,Angela Gorr,CDU
2675,Dr. Axel Bernstein,CDU
2676,Dr. Patrick Breyer,Piraten
2677,Dr. Kai Dolgner,SPD
2678,Uli König,Piraten
2679,Angelika Beer,Piraten
2680,Volker Dornquast,CDU
2681,Anita Klahn,FDP
2682,Petra Nicolaisen,CDU
2683,Hans-Jörn Arp,CDU
2684,Wolfgang Kubicki,FDP
2685,Barbara Ostmeier,CDU
2686,Katja Rathje-Hoffmann,CDU
2687,Dr. Heiner Garg,FDP
2688,Oliver Kumbartzky,FDP
2689,Christopher Vogt,FDP
2690,Astrid Damerow,CDU
2691,Heiner Rickers,CDU
2692,Hartmut Hamerich,CDU
2693,Daniel Günther,CDU
2694,Heike Franzen,CDU
2695,Tobias Koch,CDU
2696,Peter Lehnert,CDU
2697,Sven Krumbeck,Piraten
2698,Rasmus Andresen,Bündnis 90/Die Grünen
2699,Johannes Callsen,CDU
2700,Torge Schmidt,Piraten
2701,Klaus Schlie,CDU
2702,Birte Pauls,SPD
2703,Klaus Jensen,CDU
2704,Jette Waldinger-Thiering,SSW
2705,Wolfgang Dudda,Piraten
2706,Dr. Ralf Stegner,SPD
2707,Karsten Jasper,CDU
2708,Dr. Ekkehard Klug,FDP
2709,Hauke Göttsch,CDU
2710,Martin Habersaat,SPD
2711,Jens-Christian Magnussen,CDU
2712,Peter Sönnichsen,CDU
2713,Hans Hinrich Neve,CDU
2714,Finanzminister/in,CDU
2715,Anke Erdmann,Bündnis 90/Die Grünen
2716,Anreas Breitner,Piraten
2717,Jürgen Weber,SPD
2718,Ines Strehlau,Bündnis 90/Die Grünen
2719,Bernd Voß,Bündnis 90/Die Grünen
2720,Thomas Rother,SPD
2721,Thomas Hölck,SPD
2722,Lars Winter,SPD
2723,Rainer Wiegard,CDU
2724,Kai Vogel,SPD
2725,Wolfgang Baasch,SPD
2726,Beate Raudies,SPD
2727,Burkhard Peters,Bündnis 90/Die Grünen
2728,Lars Harms,SSW
2729,Dr. Heiner Dunckel,SPD
2730,Martin Habersaat,SPD
2731,Jette Waldinger-Thiering,SSW
2732,Kerstin Metzner,SPD
2733,Thomas Hölck,SPD
2734,Tobias von Pein,SPD
2735,Beate Raudies,SPD
2736,Bernd Heinemann,SPD
2737,Jörg Nobis,AfD
2738,Doris Fürstin von Sayn-Wittgenstein,AfD
2739,Dr. Kai Dolgner,SPD
2740,Wolfgang Baasch,SPD
2741,Birte Pauls,SPD
2742,Kai Vogel,SPD
2743,Kathrin Bockey,SPD
2744,Thomas Rother,SPD
2745,Regina Poersch,SPD
2746,Dr. Frank Brodehl,AfD
2747,Claus Schaffer,AfD
2748,Lars Harms,SSW
2749,Özlem Ünsal,SPD
2750,Kirsten Eickhoff-Weber,SPD
2751,Stefan Weber,SPD
2752,Volker Schnurrbusch,AfD
2753,Flemming Meyer,SSW
2754,Sandra Redmann,SPD
2755,Kathrin Wagner-Bockey,SPD
2756,Jörg Hansen,FDP
2757,Annabell Krämer,FDP
2758,Dennys Bornhöft,FDP
2759,Dr. Ralf Stegner,SPD
2760,Serpil Midyatli,SPD
2761,Dr. Andreas Tietze,Bündnis 90/Die Grünen
2762,Andrea Tschacher,CDU
2763,Lasse Petersdotter,Bündnis 90/Die Grünen
2764,Lukas Kilian,CDU
2765,Birgit Herdejürgen,SPD
2766,Burkhard Peters,Bündnis 90/Die Grünen
2767,Tobias Loose,CDU
2768,Rasmus Andresen,Bündnis 90/Die Grünen
2769,Anita Klahn,FDP
2770,Ines Strehlau,Bündnis 90/Die Grünen
2771,Werner Kalinka,CDU
2772,Ralf Kalich,Die Linke
2773,Eleonore Mühlbauer,SPD
2774,Katharina König-Preuss,Die Linke
2775,Rainer Kräuter,Die Linke
2776,Frank Kuschel,Die Linke
2777,Madeleine Henfling,Bündnis 90/Die Grünen
2778,Andreas Bühl,CDU
2779,Beate Meißner,CDU
2780,Christoph Zippel,CDU
2781,Dr. Werner Pidde,SPD
2782,Dr. Thadäus Rudolf König,CDU
2783,Mike Mohring,CDU
2784,Stefan Möller,AfD
2785,Olaf Kießling,AfD
2786,Annette Lehmann,CDU
2787,Raymond Walk,CDU
2788,Maik Kowalleck,CDU
2789,Herbert Wirkner,CDU
2790,Wiebke Muhsal,AfD
2791,Astrid Rothe-Beinlich,Bündnis 90/Die Grünen
2792,Jörg Kellner,CDU
2793,Corinna Herold,AfD
2794,Jörg Henke,AfD
2795,Christian Tischner,CDU
2796,Egon Primas,CDU
2797,Steffen Dittes,Die Linke
2798,Thomas Rudy,AfD
2799,André Blechschmidt,Die Linke
2800,Prof. Dr. Mario Voigt,CDU
2801,Jens Krumpe,AfD
2802,Dr. Falk Thomas Hartung,SPD
2803,Ina Leukefeld,Die Linke
2804,Sabine Berninger,Die Linke
2805,Olaf Müller,Bündnis 90/Die Grünen
2806,Christian Schaft,Die Linke
2807,Diana Lehmann,SPD
2808,Marion Rosin,SPD
2809,Manfred Scherer,CDU
2810,Dagmar Becker,SPD
2811,Henry Worm,CDU
2812,Volker Emde,CDU
2813,Jörg Thamm,CDU
2814,Roberto Kobelt,Bündnis 90/Die Grünen
2815,Torsten Wolf,Die Linke
2816,Christian Herrgott,CDU
2817,Gudrun Holbe,CDU
2818,Karola Stange,Die Linke
2819,Marit Wagler,Die Linke
2820,Steffen Harzer,Die Linke
2821,Stefan Gruhner,CDU
2822,Marcus Malsch,CDU
2823,Dr. Gudrun Lukin,Die Linke
2824,Babett Pfefferlein,Bündnis 90/Die Grünen
2825,Jörg Kubitzki,Die Linke
2826,Björn Höcke,AfD
2827,Gerold Wucherpfennig,CDU
2828,Ronald Hande,Die Linke
2829,Kati Engel,Die Linke
2830,Anja Müller,Die Linke
2831,Simone Schulze,CDU
2832,Klaus Rietschel,AfD
2833,Dirk Adams,Bündnis 90/Die Grünen
2834,Jörg Geibert,CDU
2835,Tilo Kummer,Die Linke
2836,Dieter Hausold,Die Linke
2837,Wolfgang Fiedler,CDU
2838,Michael Heym,CDU
2839,Ute Lukasch,Die Linke
2840,Knut Korschewsky,Die Linke
2841,Dr. Johanna Scheringer-Wright,Die Linke
2842,Siegfried Gentele,AfD
2843,Kristin Floßmann,CDU
2844,Christina Liebetrau,CDU
2845,Katja Mitteldorf,Die Linke
2846,Birgit Pelke,SPD
2847,Jürgen Reinholz,CDU
2848,Iris Martin-Gehl,Die Linke
2849,Manfred Grob,CDU
2850,Mike Huster,Die Linke
2851,Mario Voigt,CDU
2852,Klaus Jörg Kubitzki,Die Linke
2853,Werner Pidde,SPD
2854,Margit Jung,Die Linke
2855,Johanna Scheringer-Wright,Die Linke
2856,Falk Thomas Hartung,SPD
2857,Stephan Brandner,AfD
2858,Christoph Matschie,SPD
2859,Marion Walsmann,CDU
2860,Christina Tasch,CDU
2861,Gudrun Lukin,Die Linke
2862,Katharina König,Die Linke
2863,Diana Skibbe,Die Linke
2864,Dorothea Marx,SPD
2865,Frank Warnecke,SPD
2866,Christian Carius,CDU
2867,Elke Holzapfel,CDU
2868,Oskar Helmerich,AfD
2869,Kati Grund,Die Linke
2870,Olaf Möller,Bündnis 90/Die Grünen
,Nikolaos Sakkelariou,SPD
,Dr. Gisela Splett,Bündnis 90/Die Grünen
,Florian  Streibl,Freie Wähler
,Melanie Kühnemann-Grunow,SPD
,Dr. Matthias Güldner,Bündnis 90/Die Grünen
,Björn Fecker,Bündnis 90/Die Grünen
,Dr. Maike Schaefer,Bündnis 90/Die Grünen
,Dirk Schmidtmann,Bündnis 90/Die Grünen
,Stephan Mayer,CDU/CSU
,Gabriele Fograscher,SPD
,Dr. Lars Castellucci,SPD
,Armin Schuster,CDU/CSU
,Hubert Hüppe,CDU/CSU
,Marian Wendt,CDU/CSU
,Uli Grötsch,SPD
,Dr. Patrick Sensburg,CDU/CSU
,Dr. Johannes Fechner,SPD
,Sigrid Beer,Bündnis 90/Die Grünen
,Jürgen Berghahn,SPD
,Nic Vogel,AfD
,Serpil Midyatli,SPD
,Tobias von Pein,SPD
,Kirsten Eickhoff-Weber,SPD
,Marlies Fritzen,Bündnis 90/Die Grünen
,Flemming Meyer,SSW
,Eka von Kalben,Bündnis 90/Die Grünen
,Birgit Herdejürgen,SPD
,Dr. Marret Bohn,Bündnis 90/Die Grünen
,Christopher Vogt,FDP
